2026-04-21 22:19:01,924 - INFO - Training arguments: Namespace(dataset='beauty', root='../genrec/dataset/amazon', use_sampled_softmax=False, embed_dim=64, num_heads=2, num_blocks=2, dropout=0.2, max_seq_len=50, num_position_buckets=32, num_time_buckets=64, max_position_distance=128, use_temporal_bias=False, batch_size=128, epochs=10, lr=0.001, weight_decay=0.0, patience=10, device='cuda', checkpoint_dir='./checkpoints', eval_k=10)
2026-04-21 22:19:01,925 - INFO - Loading datasets...
2026-04-21 22:19:09,051 - INFO - Number of items: 12101
2026-04-21 22:19:09,051 - INFO - Train samples: 22363
2026-04-21 22:19:09,051 - INFO - Valid samples: 22363
2026-04-21 22:19:09,051 - INFO - Test samples: 22363
2026-04-21 22:19:09,051 - INFO - Initializing model...
2026-04-21 22:19:09,299 - INFO - Model parameters: 874752
2026-04-21 22:19:10,279 - INFO - Starting training...
2026-04-21 22:19:43,608 - INFO - Training arguments: Namespace(dataset='beauty', root='../genrec/dataset/amazon', use_sampled_softmax=False, embed_dim=64, num_heads=2, num_blocks=2, dropout=0.2, max_seq_len=50, num_position_buckets=32, num_time_buckets=64, max_position_distance=128, use_temporal_bias=False, batch_size=128, epochs=10, lr=0.001, weight_decay=0.0, patience=10, device='cuda', checkpoint_dir='./checkpoints', eval_k=10)
2026-04-21 22:19:43,609 - INFO - Loading datasets...
2026-04-21 22:19:50,911 - INFO - Number of items: 12101
2026-04-21 22:19:50,911 - INFO - Train samples: 22363
2026-04-21 22:19:50,912 - INFO - Valid samples: 22363
2026-04-21 22:19:50,912 - INFO - Test samples: 22363
2026-04-21 22:19:50,912 - INFO - Initializing model...
2026-04-21 22:19:51,457 - INFO - Model parameters: 874752
2026-04-21 22:19:52,436 - INFO - Starting training...
2026-04-21 22:19:57,240 - INFO - Epoch 01/10 | Train Loss: 8.9155 | Val Recall@5: 0.0147 | Val NDCG@5: 0.0093 | Val Recall@10: 0.0258 | Val NDCG@10: 0.0129
2026-04-21 22:19:57,282 - INFO -   🌟 Saved new best model with Val NDCG@10: 0.0129
2026-04-21 22:20:01,744 - INFO - Epoch 02/10 | Train Loss: 8.3827 | Val Recall@5: 0.0224 | Val NDCG@5: 0.0136 | Val Recall@10: 0.0393 | Val NDCG@10: 0.0191
2026-04-21 22:20:01,869 - INFO -   🌟 Saved new best model with Val NDCG@10: 0.0191
2026-04-21 22:20:06,248 - INFO - Epoch 03/10 | Train Loss: 8.0458 | Val Recall@5: 0.0326 | Val NDCG@5: 0.0200 | Val Recall@10: 0.0527 | Val NDCG@10: 0.0265
2026-04-21 22:20:06,332 - INFO -   🌟 Saved new best model with Val NDCG@10: 0.0265
2026-04-21 22:20:10,374 - INFO - Epoch 04/10 | Train Loss: 7.8129 | Val Recall@5: 0.0428 | Val NDCG@5: 0.0271 | Val Recall@10: 0.0660 | Val NDCG@10: 0.0345
2026-04-21 22:20:10,454 - INFO -   🌟 Saved new best model with Val NDCG@10: 0.0345
2026-04-21 22:20:14,623 - INFO - Epoch 05/10 | Train Loss: 7.6223 | Val Recall@5: 0.0480 | Val NDCG@5: 0.0313 | Val Recall@10: 0.0766 | Val NDCG@10: 0.0405
2026-04-21 22:20:14,709 - INFO -   🌟 Saved new best model with Val NDCG@10: 0.0405
2026-04-21 22:20:18,724 - INFO - Epoch 06/10 | Train Loss: 7.4445 | Val Recall@5: 0.0563 | Val NDCG@5: 0.0360 | Val Recall@10: 0.0865 | Val NDCG@10: 0.0457
2026-04-21 22:20:18,845 - INFO -   🌟 Saved new best model with Val NDCG@10: 0.0457
2026-04-21 22:20:22,935 - INFO - Epoch 07/10 | Train Loss: 7.2813 | Val Recall@5: 0.0621 | Val NDCG@5: 0.0393 | Val Recall@10: 0.0908 | Val NDCG@10: 0.0486
2026-04-21 22:20:23,016 - INFO -   🌟 Saved new best model with Val NDCG@10: 0.0486
2026-04-21 22:20:27,271 - INFO - Epoch 08/10 | Train Loss: 7.1291 | Val Recall@5: 0.0659 | Val NDCG@5: 0.0420 | Val Recall@10: 0.0956 | Val NDCG@10: 0.0516
2026-04-21 22:20:27,395 - INFO -   🌟 Saved new best model with Val NDCG@10: 0.0516
2026-04-21 22:20:31,633 - INFO - Epoch 09/10 | Train Loss: 6.9818 | Val Recall@5: 0.0662 | Val NDCG@5: 0.0423 | Val Recall@10: 0.0950 | Val NDCG@10: 0.0515
2026-04-21 22:20:35,871 - INFO - Epoch 10/10 | Train Loss: 6.8466 | Val Recall@5: 0.0682 | Val NDCG@5: 0.0428 | Val Recall@10: 0.0989 | Val NDCG@10: 0.0527
2026-04-21 22:20:35,985 - INFO -   🌟 Saved new best model with Val NDCG@10: 0.0527
2026-04-21 22:20:35,985 - INFO - Loading best model for Final Testing...
2026-04-21 22:21:05,399 - INFO - Training arguments: Namespace(dataset='beauty', root='../genrec/dataset/amazon', use_sampled_softmax=False, embed_dim=64, num_heads=2, num_blocks=2, dropout=0.2, max_seq_len=50, num_position_buckets=32, num_time_buckets=64, max_position_distance=128, use_temporal_bias=False, batch_size=128, epochs=10, lr=0.001, weight_decay=0.0, patience=10, device='cuda', checkpoint_dir='./checkpoints', eval_k=10)
2026-04-21 22:21:05,399 - INFO - Loading datasets...
2026-04-21 22:21:12,670 - INFO - Number of items: 12101
2026-04-21 22:21:12,670 - INFO - Train samples: 22363
2026-04-21 22:21:12,670 - INFO - Valid samples: 22363
2026-04-21 22:21:12,671 - INFO - Test samples: 22363
2026-04-21 22:21:12,671 - INFO - Initializing model...
2026-04-21 22:21:13,095 - INFO - Model parameters: 874752
2026-04-21 22:21:14,123 - INFO - Starting training...
2026-04-21 22:21:18,966 - INFO - Epoch 01/10 | Train Loss: 8.9254 | Val Recall@5: 0.0156 | Val NDCG@5: 0.0094 | Val Recall@10: 0.0246 | Val NDCG@10: 0.0123
2026-04-21 22:21:19,052 - INFO -   🌟 Saved new best model with Val NDCG@10: 0.0123
2026-04-21 22:21:23,100 - INFO - Epoch 02/10 | Train Loss: 8.4077 | Val Recall@5: 0.0241 | Val NDCG@5: 0.0147 | Val Recall@10: 0.0410 | Val NDCG@10: 0.0201
2026-04-21 22:21:23,229 - INFO -   🌟 Saved new best model with Val NDCG@10: 0.0201
2026-04-21 22:21:27,303 - INFO - Epoch 03/10 | Train Loss: 8.0400 | Val Recall@5: 0.0335 | Val NDCG@5: 0.0215 | Val Recall@10: 0.0539 | Val NDCG@10: 0.0281
2026-04-21 22:21:27,426 - INFO -   🌟 Saved new best model with Val NDCG@10: 0.0281
2026-04-21 22:21:31,849 - INFO - Epoch 04/10 | Train Loss: 7.7980 | Val Recall@5: 0.0419 | Val NDCG@5: 0.0271 | Val Recall@10: 0.0646 | Val NDCG@10: 0.0343
2026-04-21 22:21:31,933 - INFO -   🌟 Saved new best model with Val NDCG@10: 0.0343
2026-04-21 22:21:36,019 - INFO - Epoch 05/10 | Train Loss: 7.6049 | Val Recall@5: 0.0488 | Val NDCG@5: 0.0316 | Val Recall@10: 0.0756 | Val NDCG@10: 0.0402
2026-04-21 22:21:36,145 - INFO -   🌟 Saved new best model with Val NDCG@10: 0.0402
2026-04-21 22:21:40,360 - INFO - Epoch 06/10 | Train Loss: 7.4229 | Val Recall@5: 0.0559 | Val NDCG@5: 0.0364 | Val Recall@10: 0.0845 | Val NDCG@10: 0.0456
2026-04-21 22:21:40,486 - INFO -   🌟 Saved new best model with Val NDCG@10: 0.0456
2026-04-21 22:21:44,592 - INFO - Epoch 07/10 | Train Loss: 7.2634 | Val Recall@5: 0.0622 | Val NDCG@5: 0.0403 | Val Recall@10: 0.0915 | Val NDCG@10: 0.0497
2026-04-21 22:21:44,672 - INFO -   🌟 Saved new best model with Val NDCG@10: 0.0497
2026-04-21 22:21:48,819 - INFO - Epoch 08/10 | Train Loss: 7.1020 | Val Recall@5: 0.0645 | Val NDCG@5: 0.0417 | Val Recall@10: 0.0957 | Val NDCG@10: 0.0518
2026-04-21 22:21:48,946 - INFO -   🌟 Saved new best model with Val NDCG@10: 0.0518
2026-04-21 22:21:53,031 - INFO - Epoch 09/10 | Train Loss: 6.9593 | Val Recall@5: 0.0675 | Val NDCG@5: 0.0431 | Val Recall@10: 0.0975 | Val NDCG@10: 0.0528
2026-04-21 22:21:53,113 - INFO -   🌟 Saved new best model with Val NDCG@10: 0.0528
2026-04-21 22:21:57,241 - INFO - Epoch 10/10 | Train Loss: 6.8293 | Val Recall@5: 0.0678 | Val NDCG@5: 0.0435 | Val Recall@10: 0.0984 | Val NDCG@10: 0.0534
2026-04-21 22:21:57,388 - INFO -   🌟 Saved new best model with Val NDCG@10: 0.0534
2026-04-21 22:21:57,388 - INFO - Loading best model for Final Testing...
2026-04-21 22:21:58,343 - INFO - 🏆 Final Test Results:
  - Recall@5: 0.0494 | NDCG@5: 0.0321
  - Recall@10: 0.0751 | NDCG@10: 0.0404
2026-04-21 22:21:58,344 - INFO - Training completed!
2026-04-21 22:22:04,990 - INFO - Training arguments: Namespace(dataset='beauty', root='../genrec/dataset/amazon', use_sampled_softmax=False, embed_dim=64, num_heads=2, num_blocks=2, dropout=0.2, max_seq_len=50, num_position_buckets=32, num_time_buckets=64, max_position_distance=128, use_temporal_bias=False, batch_size=128, epochs=10, lr=0.001, weight_decay=0.0, patience=10, device='cuda', checkpoint_dir='./checkpoints', eval_k=10)
2026-04-21 22:22:04,990 - INFO - Loading datasets...
2026-04-21 22:22:12,192 - INFO - Number of items: 12101
2026-04-21 22:22:12,192 - INFO - Train samples: 22363
2026-04-21 22:22:12,192 - INFO - Valid samples: 22363
2026-04-21 22:22:12,192 - INFO - Test samples: 22363
2026-04-21 22:22:12,192 - INFO - Initializing model...
2026-04-21 22:22:12,433 - INFO - Model parameters: 874752
2026-04-21 22:22:13,424 - INFO - Starting training...
2026-04-21 22:22:18,195 - INFO - Epoch 01/10 | Train Loss: 8.9043 | Val Recall@5: 0.0089 | Val NDCG@5: 0.0056 | Val Recall@10: 0.0164 | Val NDCG@10: 0.0081
2026-04-21 22:22:18,277 - INFO -   🌟 Saved new best model with Val NDCG@10: 0.0081
2026-04-21 22:22:22,409 - INFO - Epoch 02/10 | Train Loss: 8.4025 | Val Recall@5: 0.0214 | Val NDCG@5: 0.0131 | Val Recall@10: 0.0351 | Val NDCG@10: 0.0175
2026-04-21 22:22:22,494 - INFO -   🌟 Saved new best model with Val NDCG@10: 0.0175
2026-04-21 22:22:26,490 - INFO - Epoch 03/10 | Train Loss: 8.0387 | Val Recall@5: 0.0263 | Val NDCG@5: 0.0159 | Val Recall@10: 0.0430 | Val NDCG@10: 0.0213
2026-04-21 22:22:26,615 - INFO -   🌟 Saved new best model with Val NDCG@10: 0.0213
2026-04-21 22:22:30,799 - INFO - Epoch 04/10 | Train Loss: 7.7959 | Val Recall@5: 0.0305 | Val NDCG@5: 0.0195 | Val Recall@10: 0.0508 | Val NDCG@10: 0.0260
2026-04-21 22:22:30,876 - INFO -   🌟 Saved new best model with Val NDCG@10: 0.0260
2026-04-21 22:22:34,820 - INFO - Epoch 05/10 | Train Loss: 7.6050 | Val Recall@5: 0.0359 | Val NDCG@5: 0.0226 | Val Recall@10: 0.0575 | Val NDCG@10: 0.0295
2026-04-21 22:22:34,909 - INFO -   🌟 Saved new best model with Val NDCG@10: 0.0295
2026-04-21 22:22:39,263 - INFO - Epoch 06/10 | Train Loss: 7.4286 | Val Recall@5: 0.0406 | Val NDCG@5: 0.0257 | Val Recall@10: 0.0628 | Val NDCG@10: 0.0329
2026-04-21 22:22:39,345 - INFO -   🌟 Saved new best model with Val NDCG@10: 0.0329
2026-04-21 22:22:43,491 - INFO - Epoch 07/10 | Train Loss: 7.2636 | Val Recall@5: 0.0453 | Val NDCG@5: 0.0294 | Val Recall@10: 0.0703 | Val NDCG@10: 0.0375
2026-04-21 22:22:43,617 - INFO -   🌟 Saved new best model with Val NDCG@10: 0.0375
2026-04-21 22:22:47,920 - INFO - Epoch 08/10 | Train Loss: 7.1065 | Val Recall@5: 0.0458 | Val NDCG@5: 0.0298 | Val Recall@10: 0.0720 | Val NDCG@10: 0.0382
2026-04-21 22:22:48,001 - INFO -   🌟 Saved new best model with Val NDCG@10: 0.0382
2026-04-21 22:22:52,314 - INFO - Epoch 09/10 | Train Loss: 6.9679 | Val Recall@5: 0.0493 | Val NDCG@5: 0.0317 | Val Recall@10: 0.0743 | Val NDCG@10: 0.0397
2026-04-21 22:22:52,397 - INFO -   🌟 Saved new best model with Val NDCG@10: 0.0397
2026-04-21 22:22:56,502 - INFO - Epoch 10/10 | Train Loss: 6.8342 | Val Recall@5: 0.0506 | Val NDCG@5: 0.0321 | Val Recall@10: 0.0751 | Val NDCG@10: 0.0400
2026-04-21 22:22:56,624 - INFO -   🌟 Saved new best model with Val NDCG@10: 0.0400
2026-04-21 22:22:56,624 - INFO - Loading best model for Final Testing...
2026-04-21 22:22:57,673 - INFO - 🏆 Final Test Results:
  - Recall@5: 0.0673 | NDCG@5: 0.0422
  - Recall@10: 0.0969 | NDCG@10: 0.0518
2026-04-21 22:22:57,673 - INFO - Training completed!
2026-04-21 22:23:23,550 - INFO - Training arguments: Namespace(dataset='beauty', root='../genrec/dataset/amazon', use_sampled_softmax=False, embed_dim=64, num_heads=2, num_blocks=2, dropout=0.2, max_seq_len=50, num_position_buckets=32, num_time_buckets=64, max_position_distance=128, use_temporal_bias=False, batch_size=128, epochs=100, lr=0.001, weight_decay=0.0, patience=10, device='cuda', checkpoint_dir='./checkpoints', eval_k=10)
2026-04-21 22:23:23,550 - INFO - Loading datasets...
2026-04-21 22:23:30,585 - INFO - Number of items: 12101
2026-04-21 22:23:30,585 - INFO - Train samples: 22363
2026-04-21 22:23:30,585 - INFO - Valid samples: 22363
2026-04-21 22:23:30,585 - INFO - Test samples: 22363
2026-04-21 22:23:30,586 - INFO - Initializing model...
2026-04-21 22:23:31,185 - INFO - Model parameters: 874752
2026-04-21 22:23:32,188 - INFO - Starting training...
2026-04-21 22:23:36,964 - INFO - Epoch 01/100 | Train Loss: 8.9188 | Val Recall@5: 0.0100 | Val NDCG@5: 0.0060 | Val Recall@10: 0.0183 | Val NDCG@10: 0.0087
2026-04-21 22:23:37,094 - INFO -   🌟 Saved new best model with Val NDCG@10: 0.0087
2026-04-21 22:23:41,134 - INFO - Epoch 02/100 | Train Loss: 8.3696 | Val Recall@5: 0.0199 | Val NDCG@5: 0.0124 | Val Recall@10: 0.0319 | Val NDCG@10: 0.0162
2026-04-21 22:23:41,211 - INFO -   🌟 Saved new best model with Val NDCG@10: 0.0162
2026-04-21 22:23:45,464 - INFO - Epoch 03/100 | Train Loss: 8.0271 | Val Recall@5: 0.0240 | Val NDCG@5: 0.0148 | Val Recall@10: 0.0405 | Val NDCG@10: 0.0200
2026-04-21 22:23:45,575 - INFO -   🌟 Saved new best model with Val NDCG@10: 0.0200
2026-04-21 22:23:49,755 - INFO - Epoch 04/100 | Train Loss: 7.7936 | Val Recall@5: 0.0312 | Val NDCG@5: 0.0199 | Val Recall@10: 0.0505 | Val NDCG@10: 0.0261
2026-04-21 22:23:49,862 - INFO -   🌟 Saved new best model with Val NDCG@10: 0.0261
2026-04-21 22:23:54,173 - INFO - Epoch 05/100 | Train Loss: 7.6013 | Val Recall@5: 0.0359 | Val NDCG@5: 0.0230 | Val Recall@10: 0.0571 | Val NDCG@10: 0.0297
2026-04-21 22:23:54,285 - INFO -   🌟 Saved new best model with Val NDCG@10: 0.0297
2026-04-21 22:23:58,424 - INFO - Epoch 06/100 | Train Loss: 7.4258 | Val Recall@5: 0.0432 | Val NDCG@5: 0.0275 | Val Recall@10: 0.0649 | Val NDCG@10: 0.0345
2026-04-21 22:23:58,533 - INFO -   🌟 Saved new best model with Val NDCG@10: 0.0345
2026-04-21 22:24:02,789 - INFO - Epoch 07/100 | Train Loss: 7.2630 | Val Recall@5: 0.0460 | Val NDCG@5: 0.0297 | Val Recall@10: 0.0698 | Val NDCG@10: 0.0374
2026-04-21 22:24:02,905 - INFO -   🌟 Saved new best model with Val NDCG@10: 0.0374
2026-04-21 22:24:07,002 - INFO - Epoch 08/100 | Train Loss: 7.1117 | Val Recall@5: 0.0489 | Val NDCG@5: 0.0319 | Val Recall@10: 0.0730 | Val NDCG@10: 0.0397
2026-04-21 22:24:07,078 - INFO -   🌟 Saved new best model with Val NDCG@10: 0.0397
2026-04-21 22:24:11,318 - INFO - Epoch 09/100 | Train Loss: 6.9683 | Val Recall@5: 0.0510 | Val NDCG@5: 0.0335 | Val Recall@10: 0.0770 | Val NDCG@10: 0.0419
2026-04-21 22:24:11,399 - INFO -   🌟 Saved new best model with Val NDCG@10: 0.0419
2026-04-21 22:24:15,513 - INFO - Epoch 10/100 | Train Loss: 6.8330 | Val Recall@5: 0.0519 | Val NDCG@5: 0.0334 | Val Recall@10: 0.0766 | Val NDCG@10: 0.0414
2026-04-21 22:24:19,554 - INFO - Epoch 11/100 | Train Loss: 6.7048 | Val Recall@5: 0.0524 | Val NDCG@5: 0.0342 | Val Recall@10: 0.0787 | Val NDCG@10: 0.0427
2026-04-21 22:24:19,658 - INFO -   🌟 Saved new best model with Val NDCG@10: 0.0427
2026-04-21 22:24:23,732 - INFO - Epoch 12/100 | Train Loss: 6.5966 | Val Recall@5: 0.0537 | Val NDCG@5: 0.0347 | Val Recall@10: 0.0798 | Val NDCG@10: 0.0432
2026-04-21 22:24:23,806 - INFO -   🌟 Saved new best model with Val NDCG@10: 0.0432
2026-04-21 22:24:27,919 - INFO - Epoch 13/100 | Train Loss: 6.4944 | Val Recall@5: 0.0536 | Val NDCG@5: 0.0347 | Val Recall@10: 0.0794 | Val NDCG@10: 0.0430
2026-04-21 22:24:32,053 - INFO - Epoch 14/100 | Train Loss: 6.4028 | Val Recall@5: 0.0541 | Val NDCG@5: 0.0351 | Val Recall@10: 0.0790 | Val NDCG@10: 0.0431
2026-04-21 22:24:36,316 - INFO - Epoch 15/100 | Train Loss: 6.3186 | Val Recall@5: 0.0542 | Val NDCG@5: 0.0356 | Val Recall@10: 0.0797 | Val NDCG@10: 0.0438
2026-04-21 22:24:36,391 - INFO -   🌟 Saved new best model with Val NDCG@10: 0.0438
2026-04-21 22:24:40,245 - INFO - Epoch 16/100 | Train Loss: 6.2465 | Val Recall@5: 0.0527 | Val NDCG@5: 0.0343 | Val Recall@10: 0.0780 | Val NDCG@10: 0.0424
2026-04-21 22:24:44,341 - INFO - Epoch 17/100 | Train Loss: 6.1777 | Val Recall@5: 0.0545 | Val NDCG@5: 0.0357 | Val Recall@10: 0.0774 | Val NDCG@10: 0.0431
2026-04-21 22:24:48,533 - INFO - Epoch 18/100 | Train Loss: 6.1139 | Val Recall@5: 0.0529 | Val NDCG@5: 0.0349 | Val Recall@10: 0.0755 | Val NDCG@10: 0.0422
2026-04-21 22:24:52,594 - INFO - Epoch 19/100 | Train Loss: 6.0585 | Val Recall@5: 0.0520 | Val NDCG@5: 0.0353 | Val Recall@10: 0.0774 | Val NDCG@10: 0.0434
2026-04-21 22:24:56,661 - INFO - Epoch 20/100 | Train Loss: 6.0029 | Val Recall@5: 0.0531 | Val NDCG@5: 0.0357 | Val Recall@10: 0.0757 | Val NDCG@10: 0.0429
2026-04-21 22:25:01,062 - INFO - Epoch 21/100 | Train Loss: 5.9566 | Val Recall@5: 0.0521 | Val NDCG@5: 0.0358 | Val Recall@10: 0.0750 | Val NDCG@10: 0.0432
2026-04-21 22:25:05,212 - INFO - Epoch 22/100 | Train Loss: 5.9103 | Val Recall@5: 0.0522 | Val NDCG@5: 0.0357 | Val Recall@10: 0.0761 | Val NDCG@10: 0.0433
2026-04-21 22:25:09,638 - INFO - Epoch 23/100 | Train Loss: 5.8704 | Val Recall@5: 0.0517 | Val NDCG@5: 0.0351 | Val Recall@10: 0.0762 | Val NDCG@10: 0.0430
2026-04-21 22:25:13,641 - INFO - Epoch 24/100 | Train Loss: 5.8358 | Val Recall@5: 0.0525 | Val NDCG@5: 0.0359 | Val Recall@10: 0.0751 | Val NDCG@10: 0.0432
2026-04-22 10:11:42,958 - INFO - Training arguments: Namespace(dataset='beauty', root='../genrec/dataset/amazon', use_sampled_softmax=False, embed_dim=64, num_heads=2, num_blocks=2, dropout=0.2, max_seq_len=50, num_position_buckets=32, num_time_buckets=64, max_position_distance=128, use_temporal_bias=False, batch_size=128, epochs=100, lr=0.001, weight_decay=0.0, patience=10, device='cuda', checkpoint_dir='./checkpoints', eval_k=10)
2026-04-22 10:11:42,958 - INFO - Loading datasets...
2026-04-22 10:11:50,437 - INFO - Number of items: 12101
2026-04-22 10:11:50,437 - INFO - Train samples: 22363
2026-04-22 10:11:50,437 - INFO - Valid samples: 22363
2026-04-22 10:11:50,437 - INFO - Test samples: 22363
2026-04-22 10:11:50,438 - INFO - Initializing model...
2026-04-22 10:11:51,024 - INFO - Model parameters: 874752
2026-04-22 10:11:52,022 - INFO - Starting training...
2026-04-22 10:11:56,762 - INFO - Epoch 01/100 | Train Loss: 8.9165 | Val Recall@5: 0.0094 | Val NDCG@5: 0.0054 | Val Recall@10: 0.0149 | Val NDCG@10: 0.0072
2026-04-22 10:11:56,806 - INFO -   🌟 Saved new best model with Val NDCG@10: 0.0072
2026-04-22 10:12:00,742 - INFO - Epoch 02/100 | Train Loss: 8.4184 | Val Recall@5: 0.0171 | Val NDCG@5: 0.0103 | Val Recall@10: 0.0313 | Val NDCG@10: 0.0148
2026-04-22 10:12:00,780 - INFO -   🌟 Saved new best model with Val NDCG@10: 0.0148
2026-04-22 10:12:05,262 - INFO - Epoch 03/100 | Train Loss: 8.0633 | Val Recall@5: 0.0250 | Val NDCG@5: 0.0158 | Val Recall@10: 0.0415 | Val NDCG@10: 0.0211
2026-04-22 10:12:05,303 - INFO -   🌟 Saved new best model with Val NDCG@10: 0.0211
2026-04-22 10:12:09,394 - INFO - Epoch 04/100 | Train Loss: 7.8100 | Val Recall@5: 0.0310 | Val NDCG@5: 0.0194 | Val Recall@10: 0.0506 | Val NDCG@10: 0.0257
2026-04-22 10:12:09,434 - INFO -   🌟 Saved new best model with Val NDCG@10: 0.0257
2026-04-22 10:12:13,852 - INFO - Epoch 05/100 | Train Loss: 7.6006 | Val Recall@5: 0.0356 | Val NDCG@5: 0.0229 | Val Recall@10: 0.0574 | Val NDCG@10: 0.0299
2026-04-22 10:12:13,892 - INFO -   🌟 Saved new best model with Val NDCG@10: 0.0299
2026-04-22 10:12:18,075 - INFO - Epoch 06/100 | Train Loss: 7.4259 | Val Recall@5: 0.0408 | Val NDCG@5: 0.0270 | Val Recall@10: 0.0656 | Val NDCG@10: 0.0349
2026-04-22 10:12:18,115 - INFO -   🌟 Saved new best model with Val NDCG@10: 0.0349
2026-04-22 10:12:22,156 - INFO - Epoch 07/100 | Train Loss: 7.2588 | Val Recall@5: 0.0467 | Val NDCG@5: 0.0302 | Val Recall@10: 0.0717 | Val NDCG@10: 0.0382
2026-04-22 10:12:22,196 - INFO -   🌟 Saved new best model with Val NDCG@10: 0.0382
2026-04-22 10:12:26,296 - INFO - Epoch 08/100 | Train Loss: 7.1025 | Val Recall@5: 0.0482 | Val NDCG@5: 0.0313 | Val Recall@10: 0.0732 | Val NDCG@10: 0.0393
2026-04-22 10:12:26,335 - INFO -   🌟 Saved new best model with Val NDCG@10: 0.0393
2026-04-22 10:12:30,448 - INFO - Epoch 09/100 | Train Loss: 6.9571 | Val Recall@5: 0.0494 | Val NDCG@5: 0.0319 | Val Recall@10: 0.0746 | Val NDCG@10: 0.0400
2026-04-22 10:12:30,487 - INFO -   🌟 Saved new best model with Val NDCG@10: 0.0400
2026-04-22 10:12:34,551 - INFO - Epoch 10/100 | Train Loss: 6.8232 | Val Recall@5: 0.0502 | Val NDCG@5: 0.0328 | Val Recall@10: 0.0761 | Val NDCG@10: 0.0411
2026-04-22 10:12:34,592 - INFO -   🌟 Saved new best model with Val NDCG@10: 0.0411
2026-04-22 10:12:38,693 - INFO - Epoch 11/100 | Train Loss: 6.7015 | Val Recall@5: 0.0506 | Val NDCG@5: 0.0334 | Val Recall@10: 0.0762 | Val NDCG@10: 0.0417
2026-04-22 10:12:38,732 - INFO -   🌟 Saved new best model with Val NDCG@10: 0.0417
2026-04-22 10:12:42,685 - INFO - Epoch 12/100 | Train Loss: 6.5880 | Val Recall@5: 0.0520 | Val NDCG@5: 0.0343 | Val Recall@10: 0.0787 | Val NDCG@10: 0.0428
2026-04-22 10:12:42,724 - INFO -   🌟 Saved new best model with Val NDCG@10: 0.0428
2026-04-22 10:12:47,133 - INFO - Epoch 13/100 | Train Loss: 6.4869 | Val Recall@5: 0.0527 | Val NDCG@5: 0.0347 | Val Recall@10: 0.0778 | Val NDCG@10: 0.0428
2026-04-22 10:12:51,335 - INFO - Epoch 14/100 | Train Loss: 6.3956 | Val Recall@5: 0.0526 | Val NDCG@5: 0.0341 | Val Recall@10: 0.0783 | Val NDCG@10: 0.0424
2026-04-22 10:12:55,736 - INFO - Epoch 15/100 | Train Loss: 6.3161 | Val Recall@5: 0.0509 | Val NDCG@5: 0.0335 | Val Recall@10: 0.0757 | Val NDCG@10: 0.0415
2026-04-22 10:12:59,784 - INFO - Epoch 16/100 | Train Loss: 6.2386 | Val Recall@5: 0.0520 | Val NDCG@5: 0.0346 | Val Recall@10: 0.0768 | Val NDCG@10: 0.0426
2026-04-22 10:13:03,918 - INFO - Epoch 17/100 | Train Loss: 6.1671 | Val Recall@5: 0.0521 | Val NDCG@5: 0.0342 | Val Recall@10: 0.0774 | Val NDCG@10: 0.0424
2026-04-22 10:13:08,144 - INFO - Epoch 18/100 | Train Loss: 6.1088 | Val Recall@5: 0.0514 | Val NDCG@5: 0.0342 | Val Recall@10: 0.0764 | Val NDCG@10: 0.0423
2026-04-22 10:13:12,213 - INFO - Epoch 19/100 | Train Loss: 6.0482 | Val Recall@5: 0.0519 | Val NDCG@5: 0.0344 | Val Recall@10: 0.0749 | Val NDCG@10: 0.0418
2026-04-22 10:13:16,268 - INFO - Epoch 20/100 | Train Loss: 6.0005 | Val Recall@5: 0.0517 | Val NDCG@5: 0.0350 | Val Recall@10: 0.0748 | Val NDCG@10: 0.0424
2026-04-22 10:13:20,385 - INFO - Epoch 21/100 | Train Loss: 5.9501 | Val Recall@5: 0.0516 | Val NDCG@5: 0.0353 | Val Recall@10: 0.0747 | Val NDCG@10: 0.0427
2026-04-22 10:13:24,383 - INFO - Epoch 22/100 | Train Loss: 5.9068 | Val Recall@5: 0.0518 | Val NDCG@5: 0.0357 | Val Recall@10: 0.0747 | Val NDCG@10: 0.0430
2026-04-22 10:13:24,423 - INFO -   🌟 Saved new best model with Val NDCG@10: 0.0430
2026-04-22 10:13:28,503 - INFO - Epoch 23/100 | Train Loss: 5.8694 | Val Recall@5: 0.0513 | Val NDCG@5: 0.0351 | Val Recall@10: 0.0740 | Val NDCG@10: 0.0424
2026-04-22 10:13:32,611 - INFO - Epoch 24/100 | Train Loss: 5.8274 | Val Recall@5: 0.0512 | Val NDCG@5: 0.0355 | Val Recall@10: 0.0736 | Val NDCG@10: 0.0428
2026-04-22 10:13:36,783 - INFO - Epoch 25/100 | Train Loss: 5.7922 | Val Recall@5: 0.0510 | Val NDCG@5: 0.0359 | Val Recall@10: 0.0731 | Val NDCG@10: 0.0430
2026-04-22 10:13:40,802 - INFO - Epoch 26/100 | Train Loss: 5.7576 | Val Recall@5: 0.0515 | Val NDCG@5: 0.0356 | Val Recall@10: 0.0733 | Val NDCG@10: 0.0426
2026-04-22 10:13:44,891 - INFO - Epoch 27/100 | Train Loss: 5.7308 | Val Recall@5: 0.0507 | Val NDCG@5: 0.0357 | Val Recall@10: 0.0738 | Val NDCG@10: 0.0431
2026-04-22 10:13:44,936 - INFO -   🌟 Saved new best model with Val NDCG@10: 0.0431
2026-04-22 10:13:49,318 - INFO - Epoch 28/100 | Train Loss: 5.6964 | Val Recall@5: 0.0510 | Val NDCG@5: 0.0356 | Val Recall@10: 0.0732 | Val NDCG@10: 0.0427
2026-04-22 10:13:53,715 - INFO - Epoch 29/100 | Train Loss: 5.6726 | Val Recall@5: 0.0512 | Val NDCG@5: 0.0359 | Val Recall@10: 0.0738 | Val NDCG@10: 0.0432
2026-04-22 10:13:53,758 - INFO -   🌟 Saved new best model with Val NDCG@10: 0.0432
2026-04-22 10:13:57,899 - INFO - Epoch 30/100 | Train Loss: 5.6436 | Val Recall@5: 0.0494 | Val NDCG@5: 0.0350 | Val Recall@10: 0.0726 | Val NDCG@10: 0.0425
2026-04-22 10:14:01,995 - INFO - Epoch 31/100 | Train Loss: 5.6208 | Val Recall@5: 0.0505 | Val NDCG@5: 0.0357 | Val Recall@10: 0.0732 | Val NDCG@10: 0.0430
2026-04-22 10:14:06,138 - INFO - Epoch 32/100 | Train Loss: 5.6055 | Val Recall@5: 0.0516 | Val NDCG@5: 0.0363 | Val Recall@10: 0.0727 | Val NDCG@10: 0.0431
2026-04-22 10:14:10,293 - INFO - Epoch 33/100 | Train Loss: 5.5793 | Val Recall@5: 0.0508 | Val NDCG@5: 0.0361 | Val Recall@10: 0.0729 | Val NDCG@10: 0.0432
2026-04-22 10:14:10,344 - INFO -   🌟 Saved new best model with Val NDCG@10: 0.0432
2026-04-22 10:14:14,327 - INFO - Epoch 34/100 | Train Loss: 5.5601 | Val Recall@5: 0.0517 | Val NDCG@5: 0.0365 | Val Recall@10: 0.0730 | Val NDCG@10: 0.0434
2026-04-22 10:14:14,371 - INFO -   🌟 Saved new best model with Val NDCG@10: 0.0434
2026-04-22 10:14:18,446 - INFO - Epoch 35/100 | Train Loss: 5.5420 | Val Recall@5: 0.0499 | Val NDCG@5: 0.0358 | Val Recall@10: 0.0718 | Val NDCG@10: 0.0428
2026-04-22 10:14:22,595 - INFO - Epoch 36/100 | Train Loss: 5.5219 | Val Recall@5: 0.0509 | Val NDCG@5: 0.0359 | Val Recall@10: 0.0720 | Val NDCG@10: 0.0427
2026-04-22 10:14:26,897 - INFO - Epoch 37/100 | Train Loss: 5.5078 | Val Recall@5: 0.0504 | Val NDCG@5: 0.0360 | Val Recall@10: 0.0711 | Val NDCG@10: 0.0426
2026-04-22 10:14:30,956 - INFO - Epoch 38/100 | Train Loss: 5.4885 | Val Recall@5: 0.0497 | Val NDCG@5: 0.0356 | Val Recall@10: 0.0710 | Val NDCG@10: 0.0425
2026-04-22 10:14:35,004 - INFO - Epoch 39/100 | Train Loss: 5.4760 | Val Recall@5: 0.0496 | Val NDCG@5: 0.0357 | Val Recall@10: 0.0704 | Val NDCG@10: 0.0424
2026-04-22 10:14:39,088 - INFO - Epoch 40/100 | Train Loss: 5.4599 | Val Recall@5: 0.0506 | Val NDCG@5: 0.0357 | Val Recall@10: 0.0719 | Val NDCG@10: 0.0426
2026-04-22 10:14:43,364 - INFO - Epoch 41/100 | Train Loss: 5.4536 | Val Recall@5: 0.0500 | Val NDCG@5: 0.0358 | Val Recall@10: 0.0709 | Val NDCG@10: 0.0426
2026-04-22 10:14:47,466 - INFO - Epoch 42/100 | Train Loss: 5.4328 | Val Recall@5: 0.0493 | Val NDCG@5: 0.0350 | Val Recall@10: 0.0710 | Val NDCG@10: 0.0419
2026-04-22 10:14:51,470 - INFO - Epoch 43/100 | Train Loss: 5.4194 | Val Recall@5: 0.0491 | Val NDCG@5: 0.0349 | Val Recall@10: 0.0710 | Val NDCG@10: 0.0419
2026-04-22 10:14:55,783 - INFO - Epoch 44/100 | Train Loss: 5.4078 | Val Recall@5: 0.0496 | Val NDCG@5: 0.0357 | Val Recall@10: 0.0716 | Val NDCG@10: 0.0428
2026-04-22 10:14:55,784 - INFO - Early stopping triggered after 44 epochs (No improvement for 10 epochs).
2026-04-22 10:14:55,784 - INFO - Loading best model for Final Testing...
2026-04-22 10:14:57,079 - INFO - 🏆 Final Test Results:
  - Recall@5: 0.0657 | NDCG@5: 0.0452
  - Recall@10: 0.0949 | NDCG@10: 0.0547
2026-04-22 10:14:57,080 - INFO - Training completed!
2026-04-22 10:15:12,433 - INFO - Training arguments: Namespace(dataset='beauty', root='../genrec/dataset/amazon', use_sampled_softmax=False, embed_dim=64, num_heads=2, num_blocks=2, dropout=0.2, max_seq_len=50, num_position_buckets=32, num_time_buckets=64, max_position_distance=128, use_temporal_bias=False, batch_size=128, epochs=100, lr=0.005, weight_decay=0.0, patience=10, device='cuda', checkpoint_dir='./checkpoints', eval_k=10)
2026-04-22 10:15:12,433 - INFO - Loading datasets...
2026-04-22 10:15:19,805 - INFO - Number of items: 12101
2026-04-22 10:15:19,806 - INFO - Train samples: 22363
2026-04-22 10:15:19,806 - INFO - Valid samples: 22363
2026-04-22 10:15:19,806 - INFO - Test samples: 22363
2026-04-22 10:15:19,806 - INFO - Initializing model...
2026-04-22 10:15:20,099 - INFO - Model parameters: 874752
2026-04-22 10:15:21,123 - INFO - Starting training...
2026-04-22 10:15:25,685 - INFO - Epoch 01/100 | Train Loss: 8.6875 | Val Recall@5: 0.0147 | Val NDCG@5: 0.0092 | Val Recall@10: 0.0266 | Val NDCG@10: 0.0131
2026-04-22 10:15:25,728 - INFO -   🌟 Saved new best model with Val NDCG@10: 0.0131
2026-04-22 10:15:29,993 - INFO - Epoch 02/100 | Train Loss: 8.1319 | Val Recall@5: 0.0207 | Val NDCG@5: 0.0129 | Val Recall@10: 0.0361 | Val NDCG@10: 0.0179
2026-04-22 10:15:30,035 - INFO -   🌟 Saved new best model with Val NDCG@10: 0.0179
2026-04-22 10:15:34,166 - INFO - Epoch 03/100 | Train Loss: 7.8928 | Val Recall@5: 0.0282 | Val NDCG@5: 0.0174 | Val Recall@10: 0.0489 | Val NDCG@10: 0.0241
2026-04-22 10:15:34,192 - INFO -   🌟 Saved new best model with Val NDCG@10: 0.0241
2026-04-22 10:15:38,576 - INFO - Epoch 04/100 | Train Loss: 7.7176 | Val Recall@5: 0.0340 | Val NDCG@5: 0.0215 | Val Recall@10: 0.0558 | Val NDCG@10: 0.0285
2026-04-22 10:15:38,611 - INFO -   🌟 Saved new best model with Val NDCG@10: 0.0285
2026-04-22 10:15:42,917 - INFO - Epoch 05/100 | Train Loss: 7.5709 | Val Recall@5: 0.0372 | Val NDCG@5: 0.0247 | Val Recall@10: 0.0593 | Val NDCG@10: 0.0318
2026-04-22 10:15:42,950 - INFO -   🌟 Saved new best model with Val NDCG@10: 0.0318
2026-04-22 10:15:47,011 - INFO - Epoch 06/100 | Train Loss: 7.4310 | Val Recall@5: 0.0405 | Val NDCG@5: 0.0261 | Val Recall@10: 0.0618 | Val NDCG@10: 0.0329
2026-04-22 10:15:47,054 - INFO -   🌟 Saved new best model with Val NDCG@10: 0.0329
2026-04-22 10:15:50,911 - INFO - Epoch 07/100 | Train Loss: 7.3079 | Val Recall@5: 0.0449 | Val NDCG@5: 0.0301 | Val Recall@10: 0.0691 | Val NDCG@10: 0.0379
2026-04-22 10:15:50,946 - INFO -   🌟 Saved new best model with Val NDCG@10: 0.0379
2026-04-22 10:15:55,034 - INFO - Epoch 08/100 | Train Loss: 7.1922 | Val Recall@5: 0.0438 | Val NDCG@5: 0.0294 | Val Recall@10: 0.0688 | Val NDCG@10: 0.0375
2026-04-22 10:15:59,203 - INFO - Epoch 09/100 | Train Loss: 7.0868 | Val Recall@5: 0.0461 | Val NDCG@5: 0.0310 | Val Recall@10: 0.0709 | Val NDCG@10: 0.0390
2026-04-22 10:15:59,250 - INFO -   🌟 Saved new best model with Val NDCG@10: 0.0390
2026-04-22 10:16:03,532 - INFO - Epoch 10/100 | Train Loss: 6.9875 | Val Recall@5: 0.0482 | Val NDCG@5: 0.0328 | Val Recall@10: 0.0726 | Val NDCG@10: 0.0407
2026-04-22 10:16:03,562 - INFO -   🌟 Saved new best model with Val NDCG@10: 0.0407
2026-04-22 10:16:07,884 - INFO - Epoch 11/100 | Train Loss: 6.8998 | Val Recall@5: 0.0486 | Val NDCG@5: 0.0326 | Val Recall@10: 0.0720 | Val NDCG@10: 0.0402
2026-04-22 10:16:11,924 - INFO - Epoch 12/100 | Train Loss: 6.8183 | Val Recall@5: 0.0482 | Val NDCG@5: 0.0332 | Val Recall@10: 0.0701 | Val NDCG@10: 0.0403
2026-04-22 10:16:16,001 - INFO - Epoch 13/100 | Train Loss: 6.7429 | Val Recall@5: 0.0504 | Val NDCG@5: 0.0353 | Val Recall@10: 0.0725 | Val NDCG@10: 0.0424
2026-04-22 10:16:16,043 - INFO -   🌟 Saved new best model with Val NDCG@10: 0.0424
2026-04-22 10:16:20,435 - INFO - Epoch 14/100 | Train Loss: 6.6770 | Val Recall@5: 0.0481 | Val NDCG@5: 0.0338 | Val Recall@10: 0.0696 | Val NDCG@10: 0.0407
2026-04-22 10:16:24,571 - INFO - Epoch 15/100 | Train Loss: 6.6161 | Val Recall@5: 0.0502 | Val NDCG@5: 0.0349 | Val Recall@10: 0.0714 | Val NDCG@10: 0.0417
2026-04-22 10:16:28,711 - INFO - Epoch 16/100 | Train Loss: 6.5519 | Val Recall@5: 0.0502 | Val NDCG@5: 0.0351 | Val Recall@10: 0.0721 | Val NDCG@10: 0.0422
2026-04-22 10:16:32,652 - INFO - Epoch 17/100 | Train Loss: 6.4961 | Val Recall@5: 0.0517 | Val NDCG@5: 0.0361 | Val Recall@10: 0.0739 | Val NDCG@10: 0.0433
2026-04-22 10:16:32,688 - INFO -   🌟 Saved new best model with Val NDCG@10: 0.0433
2026-04-22 10:16:36,800 - INFO - Epoch 18/100 | Train Loss: 6.4472 | Val Recall@5: 0.0504 | Val NDCG@5: 0.0355 | Val Recall@10: 0.0715 | Val NDCG@10: 0.0423
2026-04-22 10:16:40,880 - INFO - Epoch 19/100 | Train Loss: 6.4037 | Val Recall@5: 0.0502 | Val NDCG@5: 0.0361 | Val Recall@10: 0.0718 | Val NDCG@10: 0.0431
2026-04-22 10:16:44,921 - INFO - Epoch 20/100 | Train Loss: 6.3592 | Val Recall@5: 0.0504 | Val NDCG@5: 0.0360 | Val Recall@10: 0.0727 | Val NDCG@10: 0.0432
2026-04-22 10:16:48,938 - INFO - Epoch 21/100 | Train Loss: 6.3125 | Val Recall@5: 0.0517 | Val NDCG@5: 0.0363 | Val Recall@10: 0.0729 | Val NDCG@10: 0.0432
2026-04-22 10:16:53,021 - INFO - Epoch 22/100 | Train Loss: 6.2713 | Val Recall@5: 0.0524 | Val NDCG@5: 0.0368 | Val Recall@10: 0.0730 | Val NDCG@10: 0.0434
2026-04-22 10:16:53,056 - INFO -   🌟 Saved new best model with Val NDCG@10: 0.0434
2026-04-22 10:16:57,146 - INFO - Epoch 23/100 | Train Loss: 6.2376 | Val Recall@5: 0.0518 | Val NDCG@5: 0.0368 | Val Recall@10: 0.0733 | Val NDCG@10: 0.0438
2026-04-22 10:16:57,186 - INFO -   🌟 Saved new best model with Val NDCG@10: 0.0438
2026-04-22 10:17:01,440 - INFO - Epoch 24/100 | Train Loss: 6.1990 | Val Recall@5: 0.0507 | Val NDCG@5: 0.0361 | Val Recall@10: 0.0720 | Val NDCG@10: 0.0429
2026-04-22 10:17:05,831 - INFO - Epoch 25/100 | Train Loss: 6.1706 | Val Recall@5: 0.0529 | Val NDCG@5: 0.0378 | Val Recall@10: 0.0739 | Val NDCG@10: 0.0445
2026-04-22 10:17:05,876 - INFO -   🌟 Saved new best model with Val NDCG@10: 0.0445
2026-04-22 10:17:10,346 - INFO - Epoch 26/100 | Train Loss: 6.1348 | Val Recall@5: 0.0509 | Val NDCG@5: 0.0367 | Val Recall@10: 0.0734 | Val NDCG@10: 0.0439
2026-04-22 10:17:14,640 - INFO - Epoch 27/100 | Train Loss: 6.1133 | Val Recall@5: 0.0519 | Val NDCG@5: 0.0369 | Val Recall@10: 0.0732 | Val NDCG@10: 0.0437
2026-04-22 10:17:19,192 - INFO - Epoch 28/100 | Train Loss: 6.0876 | Val Recall@5: 0.0519 | Val NDCG@5: 0.0369 | Val Recall@10: 0.0721 | Val NDCG@10: 0.0434
2026-04-22 10:17:23,743 - INFO - Epoch 29/100 | Train Loss: 6.0555 | Val Recall@5: 0.0512 | Val NDCG@5: 0.0369 | Val Recall@10: 0.0709 | Val NDCG@10: 0.0432
2026-04-22 10:17:27,915 - INFO - Epoch 30/100 | Train Loss: 6.0336 | Val Recall@5: 0.0512 | Val NDCG@5: 0.0368 | Val Recall@10: 0.0724 | Val NDCG@10: 0.0436
2026-04-22 10:17:32,168 - INFO - Epoch 31/100 | Train Loss: 6.0066 | Val Recall@5: 0.0504 | Val NDCG@5: 0.0363 | Val Recall@10: 0.0707 | Val NDCG@10: 0.0429
2026-04-22 10:17:36,677 - INFO - Epoch 32/100 | Train Loss: 5.9760 | Val Recall@5: 0.0515 | Val NDCG@5: 0.0373 | Val Recall@10: 0.0721 | Val NDCG@10: 0.0439
2026-04-22 10:17:40,925 - INFO - Epoch 33/100 | Train Loss: 5.9617 | Val Recall@5: 0.0522 | Val NDCG@5: 0.0381 | Val Recall@10: 0.0718 | Val NDCG@10: 0.0444
2026-04-22 10:17:45,116 - INFO - Epoch 34/100 | Train Loss: 5.9444 | Val Recall@5: 0.0518 | Val NDCG@5: 0.0374 | Val Recall@10: 0.0705 | Val NDCG@10: 0.0434
2026-04-22 10:17:49,375 - INFO - Epoch 35/100 | Train Loss: 5.9201 | Val Recall@5: 0.0511 | Val NDCG@5: 0.0371 | Val Recall@10: 0.0708 | Val NDCG@10: 0.0434
2026-04-22 10:17:49,376 - INFO - Early stopping triggered after 35 epochs (No improvement for 10 epochs).
2026-04-22 10:17:49,376 - INFO - Loading best model for Final Testing...
2026-04-22 10:17:50,411 - INFO - 🏆 Final Test Results:
  - Recall@5: 0.0693 | NDCG@5: 0.0487
  - Recall@10: 0.0958 | NDCG@10: 0.0573
2026-04-22 10:17:50,411 - INFO - Training completed!
2026-04-22 10:32:12,049 - INFO - Training arguments: Namespace(dataset='beauty', root='../genrec/dataset/amazon', use_sampled_softmax=False, embed_dim=64, num_heads=2, num_blocks=2, dropout=0.2, max_seq_len=50, num_position_buckets=32, num_time_buckets=64, max_position_distance=128, use_temporal_bias=False, batch_size=128, epochs=100, lr=0.001, weight_decay=0.0, patience=50, device='cuda', checkpoint_dir='./checkpoints', eval_k=10)
2026-04-22 10:32:12,050 - INFO - Loading datasets...
2026-04-22 10:32:19,140 - INFO - Number of items: 12101
2026-04-22 10:32:19,140 - INFO - Train samples: 22363
2026-04-22 10:32:19,140 - INFO - Valid samples: 22363
2026-04-22 10:32:19,140 - INFO - Test samples: 22363
2026-04-22 10:32:19,141 - INFO - Initializing model...
2026-04-22 10:32:19,443 - INFO - Model parameters: 1514816
2026-04-22 10:32:20,450 - INFO - Starting training...
2026-04-22 10:33:31,428 - INFO - Training arguments: Namespace(dataset='beauty', root='../genrec/dataset/amazon', use_sampled_softmax=False, embed_dim=64, num_heads=2, num_blocks=2, dropout=0.2, max_seq_len=50, num_position_buckets=32, num_time_buckets=64, max_position_distance=128, use_temporal_bias=False, batch_size=128, epochs=100, lr=0.001, weight_decay=0.0, patience=50, device='cuda', checkpoint_dir='./checkpoints', eval_k=10)
2026-04-22 10:33:31,428 - INFO - Loading datasets...
2026-04-22 10:33:38,818 - INFO - Number of items: 12101
2026-04-22 10:33:38,818 - INFO - Train samples: 22363
2026-04-22 10:33:38,818 - INFO - Valid samples: 22363
2026-04-22 10:33:38,818 - INFO - Test samples: 22363
2026-04-22 10:33:38,819 - INFO - Initializing model...
2026-04-22 10:33:39,241 - INFO - Model parameters: 1514816
2026-04-22 10:33:40,285 - INFO - Starting training...
2026-04-22 10:36:24,675 - INFO - Training arguments: Namespace(dataset='beauty', root='../genrec/dataset/amazon', use_sampled_softmax=False, embed_dim=64, num_heads=2, num_blocks=2, dropout=0.2, max_seq_len=50, num_position_buckets=32, num_time_buckets=64, max_position_distance=128, use_temporal_bias=False, batch_size=128, epochs=100, lr=0.001, weight_decay=0.0, patience=50, device='cuda', checkpoint_dir='./checkpoints', eval_k=10)
2026-04-22 10:36:24,675 - INFO - Loading datasets...
2026-04-22 10:36:31,782 - INFO - Number of items (max across splits): 12101
2026-04-22 10:36:31,782 - INFO - Train samples: 22363
2026-04-22 10:36:31,782 - INFO - Valid samples: 22363
2026-04-22 10:36:31,782 - INFO - Test samples: 22363
2026-04-22 10:36:31,783 - INFO - Initializing model...
2026-04-22 10:36:32,384 - INFO - Model parameters: 1515136
2026-04-22 10:36:33,391 - INFO - Starting training...
2026-04-22 10:37:16,395 - INFO - Training arguments: Namespace(dataset='beauty', root='../genrec/dataset/amazon', use_sampled_softmax=False, embed_dim=64, num_heads=2, num_blocks=2, dropout=0.2, max_seq_len=50, num_position_buckets=32, num_time_buckets=64, max_position_distance=128, use_temporal_bias=False, batch_size=128, epochs=100, lr=0.001, weight_decay=0.0, patience=50, device='cuda', checkpoint_dir='./checkpoints', eval_k=10)
2026-04-22 10:37:16,395 - INFO - Loading datasets...
2026-04-22 10:37:23,458 - INFO - Number of items (max across splits): 12101
2026-04-22 10:37:23,459 - INFO - Train samples: 22363
2026-04-22 10:37:23,459 - INFO - Valid samples: 22363
2026-04-22 10:37:23,459 - INFO - Test samples: 22363
2026-04-22 10:37:23,459 - INFO - Initializing model...
2026-04-22 10:37:23,727 - INFO - Model parameters: 1834816
2026-04-22 10:37:24,738 - INFO - Starting training...
2026-04-22 10:38:12,099 - INFO - Training arguments: Namespace(dataset='beauty', root='../genrec/dataset/amazon', use_sampled_softmax=False, embed_dim=64, num_heads=2, num_blocks=2, dropout=0.2, max_seq_len=50, num_position_buckets=32, num_time_buckets=64, max_position_distance=128, use_temporal_bias=False, batch_size=128, epochs=100, lr=0.001, weight_decay=0.0, patience=50, device='cuda', checkpoint_dir='./checkpoints', eval_k=10)
2026-04-22 10:38:12,099 - INFO - Loading datasets...
2026-04-22 10:38:19,301 - INFO - Train samples: 22363
2026-04-22 10:38:19,301 - INFO - Valid samples: 22363
2026-04-22 10:38:19,301 - INFO - Test samples: 22363
2026-04-22 10:38:19,301 - INFO - Initializing model...
2026-04-22 10:38:19,630 - INFO - Model parameters: 1514816
2026-04-22 10:38:20,630 - INFO - Starting training...
2026-04-22 10:38:35,098 - INFO - Training arguments: Namespace(dataset='beauty', root='../genrec/dataset/amazon', use_sampled_softmax=False, embed_dim=64, num_heads=2, num_blocks=2, dropout=0.2, max_seq_len=50, num_position_buckets=32, num_time_buckets=64, max_position_distance=128, use_temporal_bias=False, batch_size=128, epochs=100, lr=0.005, weight_decay=0.0, patience=50, device='cuda', checkpoint_dir='./checkpoints', eval_k=10)
2026-04-22 10:38:35,099 - INFO - Loading datasets...
2026-04-22 10:38:42,320 - INFO - Number of items: 12101
2026-04-22 10:38:42,320 - INFO - Train samples: 22363
2026-04-22 10:38:42,320 - INFO - Valid samples: 22363
2026-04-22 10:38:42,320 - INFO - Test samples: 22363
2026-04-22 10:38:42,321 - INFO - Initializing model...
2026-04-22 10:38:42,567 - INFO - Model parameters: 874752
2026-04-22 10:38:43,579 - INFO - Starting training...
2026-04-22 10:38:50,148 - INFO - Epoch 01/100 | Train Loss: 8.7300 | Val Recall@5: 0.0131 | Val NDCG@5: 0.0082 | Val Recall@10: 0.0232 | Val NDCG@10: 0.0114
2026-04-22 10:38:50,190 - INFO -   🌟 Saved new best model with Val NDCG@10: 0.0114
2026-04-22 10:38:56,020 - INFO - Epoch 02/100 | Train Loss: 8.2139 | Val Recall@5: 0.0207 | Val NDCG@5: 0.0130 | Val Recall@10: 0.0355 | Val NDCG@10: 0.0177
2026-04-22 10:38:56,054 - INFO -   🌟 Saved new best model with Val NDCG@10: 0.0177
2026-04-22 10:39:01,769 - INFO - Epoch 03/100 | Train Loss: 7.9614 | Val Recall@5: 0.0292 | Val NDCG@5: 0.0191 | Val Recall@10: 0.0457 | Val NDCG@10: 0.0244
2026-04-22 10:39:01,798 - INFO -   🌟 Saved new best model with Val NDCG@10: 0.0244
2026-04-22 10:39:07,358 - INFO - Epoch 04/100 | Train Loss: 7.7662 | Val Recall@5: 0.0334 | Val NDCG@5: 0.0215 | Val Recall@10: 0.0512 | Val NDCG@10: 0.0271
2026-04-22 10:39:07,396 - INFO -   🌟 Saved new best model with Val NDCG@10: 0.0271
2026-04-22 10:39:12,890 - INFO - Epoch 05/100 | Train Loss: 7.6022 | Val Recall@5: 0.0366 | Val NDCG@5: 0.0243 | Val Recall@10: 0.0570 | Val NDCG@10: 0.0309
2026-04-22 10:39:12,928 - INFO -   🌟 Saved new best model with Val NDCG@10: 0.0309
2026-04-22 10:39:18,539 - INFO - Epoch 06/100 | Train Loss: 7.4599 | Val Recall@5: 0.0400 | Val NDCG@5: 0.0260 | Val Recall@10: 0.0621 | Val NDCG@10: 0.0331
2026-04-22 10:39:18,575 - INFO -   🌟 Saved new best model with Val NDCG@10: 0.0331
2026-04-22 10:39:23,993 - INFO - Epoch 07/100 | Train Loss: 7.3310 | Val Recall@5: 0.0433 | Val NDCG@5: 0.0298 | Val Recall@10: 0.0664 | Val NDCG@10: 0.0372
2026-04-22 10:39:24,034 - INFO -   🌟 Saved new best model with Val NDCG@10: 0.0372
2026-04-22 10:39:29,674 - INFO - Epoch 08/100 | Train Loss: 7.2115 | Val Recall@5: 0.0455 | Val NDCG@5: 0.0301 | Val Recall@10: 0.0687 | Val NDCG@10: 0.0376
2026-04-22 10:39:29,714 - INFO -   🌟 Saved new best model with Val NDCG@10: 0.0376
2026-04-22 10:39:35,378 - INFO - Epoch 09/100 | Train Loss: 7.1024 | Val Recall@5: 0.0447 | Val NDCG@5: 0.0308 | Val Recall@10: 0.0682 | Val NDCG@10: 0.0383
2026-04-22 10:39:35,417 - INFO -   🌟 Saved new best model with Val NDCG@10: 0.0383
2026-04-22 10:39:41,114 - INFO - Epoch 10/100 | Train Loss: 7.0035 | Val Recall@5: 0.0487 | Val NDCG@5: 0.0336 | Val Recall@10: 0.0715 | Val NDCG@10: 0.0409
2026-04-22 10:39:41,148 - INFO -   🌟 Saved new best model with Val NDCG@10: 0.0409
2026-04-22 10:39:46,657 - INFO - Epoch 11/100 | Train Loss: 6.9170 | Val Recall@5: 0.0467 | Val NDCG@5: 0.0326 | Val Recall@10: 0.0689 | Val NDCG@10: 0.0397
2026-04-22 10:39:52,174 - INFO - Epoch 12/100 | Train Loss: 6.8344 | Val Recall@5: 0.0502 | Val NDCG@5: 0.0345 | Val Recall@10: 0.0730 | Val NDCG@10: 0.0418
2026-04-22 10:39:52,209 - INFO -   🌟 Saved new best model with Val NDCG@10: 0.0418
2026-04-22 10:39:57,984 - INFO - Epoch 13/100 | Train Loss: 6.7589 | Val Recall@5: 0.0513 | Val NDCG@5: 0.0354 | Val Recall@10: 0.0743 | Val NDCG@10: 0.0428
2026-04-22 10:39:58,025 - INFO -   🌟 Saved new best model with Val NDCG@10: 0.0428
2026-04-22 10:40:03,709 - INFO - Epoch 14/100 | Train Loss: 6.6892 | Val Recall@5: 0.0491 | Val NDCG@5: 0.0339 | Val Recall@10: 0.0715 | Val NDCG@10: 0.0411
2026-04-22 10:40:09,205 - INFO - Epoch 15/100 | Train Loss: 6.6268 | Val Recall@5: 0.0497 | Val NDCG@5: 0.0356 | Val Recall@10: 0.0723 | Val NDCG@10: 0.0428
2026-04-22 10:40:09,232 - INFO -   🌟 Saved new best model with Val NDCG@10: 0.0428
2026-04-22 10:40:14,724 - INFO - Epoch 16/100 | Train Loss: 6.5715 | Val Recall@5: 0.0506 | Val NDCG@5: 0.0354 | Val Recall@10: 0.0734 | Val NDCG@10: 0.0427
2026-04-22 10:40:20,384 - INFO - Epoch 17/100 | Train Loss: 6.5132 | Val Recall@5: 0.0500 | Val NDCG@5: 0.0357 | Val Recall@10: 0.0726 | Val NDCG@10: 0.0431
2026-04-22 10:40:20,420 - INFO -   🌟 Saved new best model with Val NDCG@10: 0.0431
2026-04-22 10:40:26,191 - INFO - Epoch 18/100 | Train Loss: 6.4569 | Val Recall@5: 0.0522 | Val NDCG@5: 0.0374 | Val Recall@10: 0.0730 | Val NDCG@10: 0.0441
2026-04-22 10:40:26,233 - INFO -   🌟 Saved new best model with Val NDCG@10: 0.0441
2026-04-22 10:40:31,937 - INFO - Epoch 19/100 | Train Loss: 6.4108 | Val Recall@5: 0.0511 | Val NDCG@5: 0.0365 | Val Recall@10: 0.0739 | Val NDCG@10: 0.0439
2026-04-22 10:40:37,539 - INFO - Epoch 20/100 | Train Loss: 6.3677 | Val Recall@5: 0.0502 | Val NDCG@5: 0.0358 | Val Recall@10: 0.0740 | Val NDCG@10: 0.0434
2026-04-22 10:40:43,123 - INFO - Epoch 21/100 | Train Loss: 6.3249 | Val Recall@5: 0.0514 | Val NDCG@5: 0.0371 | Val Recall@10: 0.0746 | Val NDCG@10: 0.0445
2026-04-22 10:40:43,157 - INFO -   🌟 Saved new best model with Val NDCG@10: 0.0445
2026-04-22 10:40:48,641 - INFO - Epoch 22/100 | Train Loss: 6.2843 | Val Recall@5: 0.0509 | Val NDCG@5: 0.0359 | Val Recall@10: 0.0710 | Val NDCG@10: 0.0424
2026-04-22 10:40:54,434 - INFO - Epoch 23/100 | Train Loss: 6.2420 | Val Recall@5: 0.0511 | Val NDCG@5: 0.0369 | Val Recall@10: 0.0730 | Val NDCG@10: 0.0439
2026-04-22 10:41:00,132 - INFO - Epoch 24/100 | Train Loss: 6.2103 | Val Recall@5: 0.0518 | Val NDCG@5: 0.0372 | Val Recall@10: 0.0719 | Val NDCG@10: 0.0437
2026-04-22 10:41:05,717 - INFO - Epoch 25/100 | Train Loss: 6.1781 | Val Recall@5: 0.0496 | Val NDCG@5: 0.0352 | Val Recall@10: 0.0710 | Val NDCG@10: 0.0420
2026-04-22 10:41:11,293 - INFO - Epoch 26/100 | Train Loss: 6.1483 | Val Recall@5: 0.0508 | Val NDCG@5: 0.0371 | Val Recall@10: 0.0726 | Val NDCG@10: 0.0440
2026-04-22 10:41:16,905 - INFO - Epoch 27/100 | Train Loss: 6.1128 | Val Recall@5: 0.0499 | Val NDCG@5: 0.0362 | Val Recall@10: 0.0712 | Val NDCG@10: 0.0430
2026-04-22 10:41:22,771 - INFO - Epoch 28/100 | Train Loss: 6.0834 | Val Recall@5: 0.0508 | Val NDCG@5: 0.0371 | Val Recall@10: 0.0713 | Val NDCG@10: 0.0437
2026-04-22 10:41:28,610 - INFO - Epoch 29/100 | Train Loss: 6.0569 | Val Recall@5: 0.0503 | Val NDCG@5: 0.0360 | Val Recall@10: 0.0722 | Val NDCG@10: 0.0431
2026-04-22 10:41:34,242 - INFO - Epoch 30/100 | Train Loss: 6.0309 | Val Recall@5: 0.0515 | Val NDCG@5: 0.0371 | Val Recall@10: 0.0713 | Val NDCG@10: 0.0435
2026-04-22 10:41:39,803 - INFO - Epoch 31/100 | Train Loss: 6.0072 | Val Recall@5: 0.0524 | Val NDCG@5: 0.0373 | Val Recall@10: 0.0724 | Val NDCG@10: 0.0437
2026-04-22 10:41:45,604 - INFO - Epoch 32/100 | Train Loss: 5.9869 | Val Recall@5: 0.0509 | Val NDCG@5: 0.0371 | Val Recall@10: 0.0708 | Val NDCG@10: 0.0435
2026-04-22 10:41:51,315 - INFO - Epoch 33/100 | Train Loss: 5.9621 | Val Recall@5: 0.0522 | Val NDCG@5: 0.0372 | Val Recall@10: 0.0717 | Val NDCG@10: 0.0434
2026-04-22 10:41:56,747 - INFO - Epoch 34/100 | Train Loss: 5.9422 | Val Recall@5: 0.0515 | Val NDCG@5: 0.0369 | Val Recall@10: 0.0710 | Val NDCG@10: 0.0432
2026-04-22 10:42:02,264 - INFO - Epoch 35/100 | Train Loss: 5.9106 | Val Recall@5: 0.0510 | Val NDCG@5: 0.0373 | Val Recall@10: 0.0708 | Val NDCG@10: 0.0437
2026-04-22 10:42:07,977 - INFO - Epoch 36/100 | Train Loss: 5.8948 | Val Recall@5: 0.0511 | Val NDCG@5: 0.0373 | Val Recall@10: 0.0706 | Val NDCG@10: 0.0436
2026-04-22 10:42:13,536 - INFO - Epoch 37/100 | Train Loss: 5.8758 | Val Recall@5: 0.0502 | Val NDCG@5: 0.0363 | Val Recall@10: 0.0695 | Val NDCG@10: 0.0426
2026-04-22 10:42:19,208 - INFO - Epoch 38/100 | Train Loss: 5.8668 | Val Recall@5: 0.0506 | Val NDCG@5: 0.0370 | Val Recall@10: 0.0717 | Val NDCG@10: 0.0438
2026-04-22 10:42:24,897 - INFO - Epoch 39/100 | Train Loss: 5.8411 | Val Recall@5: 0.0490 | Val NDCG@5: 0.0360 | Val Recall@10: 0.0702 | Val NDCG@10: 0.0428
2026-04-22 10:42:31,731 - INFO - Training arguments: Namespace(dataset='beauty', root='../genrec/dataset/amazon', use_sampled_softmax=False, embed_dim=64, num_heads=2, num_blocks=2, dropout=0.2, max_seq_len=50, num_position_buckets=32, num_time_buckets=64, max_position_distance=128, use_temporal_bias=False, batch_size=128, epochs=100, lr=0.005, weight_decay=0.0, patience=50, device='cuda', checkpoint_dir='./checkpoints', eval_k=10)
2026-04-22 10:42:31,731 - INFO - Loading datasets...
2026-04-22 10:42:38,923 - INFO - Number of items: 12101
2026-04-22 10:42:38,923 - INFO - Train samples: 22363
2026-04-22 10:42:38,923 - INFO - Valid samples: 22363
2026-04-22 10:42:38,924 - INFO - Test samples: 22363
2026-04-22 10:42:38,924 - INFO - Initializing model...
2026-04-22 10:42:39,180 - INFO - Model parameters: 874752
2026-04-22 10:42:40,256 - INFO - Starting training...
2026-04-22 10:42:46,554 - INFO - Epoch 01/100 | Train Loss: 8.6984 | Val Recall@5: 0.0148 | Val NDCG@5: 0.0092 | Val Recall@10: 0.0264 | Val NDCG@10: 0.0129
2026-04-22 10:42:46,595 - INFO -   🌟 Saved new best model with Val NDCG@10: 0.0129
2026-04-22 10:42:52,143 - INFO - Epoch 02/100 | Train Loss: 8.1435 | Val Recall@5: 0.0249 | Val NDCG@5: 0.0151 | Val Recall@10: 0.0405 | Val NDCG@10: 0.0201
2026-04-22 10:42:52,180 - INFO -   🌟 Saved new best model with Val NDCG@10: 0.0201
2026-04-22 10:42:57,799 - INFO - Epoch 03/100 | Train Loss: 7.8891 | Val Recall@5: 0.0305 | Val NDCG@5: 0.0193 | Val Recall@10: 0.0485 | Val NDCG@10: 0.0251
2026-04-22 10:42:57,840 - INFO -   🌟 Saved new best model with Val NDCG@10: 0.0251
2026-04-22 10:43:03,599 - INFO - Epoch 04/100 | Train Loss: 7.7097 | Val Recall@5: 0.0360 | Val NDCG@5: 0.0233 | Val Recall@10: 0.0558 | Val NDCG@10: 0.0297
2026-04-22 10:43:03,636 - INFO -   🌟 Saved new best model with Val NDCG@10: 0.0297
2026-04-22 10:43:09,327 - INFO - Epoch 05/100 | Train Loss: 7.5534 | Val Recall@5: 0.0402 | Val NDCG@5: 0.0265 | Val Recall@10: 0.0634 | Val NDCG@10: 0.0340
2026-04-22 10:43:09,371 - INFO -   🌟 Saved new best model with Val NDCG@10: 0.0340
2026-04-22 10:43:14,999 - INFO - Epoch 06/100 | Train Loss: 7.4042 | Val Recall@5: 0.0428 | Val NDCG@5: 0.0287 | Val Recall@10: 0.0653 | Val NDCG@10: 0.0360
2026-04-22 10:43:15,038 - INFO -   🌟 Saved new best model with Val NDCG@10: 0.0360
2026-04-22 10:43:20,593 - INFO - Epoch 07/100 | Train Loss: 7.2719 | Val Recall@5: 0.0456 | Val NDCG@5: 0.0308 | Val Recall@10: 0.0690 | Val NDCG@10: 0.0383
2026-04-22 10:43:20,633 - INFO -   🌟 Saved new best model with Val NDCG@10: 0.0383
2026-04-22 10:43:26,401 - INFO - Epoch 08/100 | Train Loss: 7.1466 | Val Recall@5: 0.0454 | Val NDCG@5: 0.0312 | Val Recall@10: 0.0705 | Val NDCG@10: 0.0393
2026-04-22 10:43:26,441 - INFO -   🌟 Saved new best model with Val NDCG@10: 0.0393
2026-04-22 10:43:32,152 - INFO - Epoch 09/100 | Train Loss: 7.0262 | Val Recall@5: 0.0490 | Val NDCG@5: 0.0326 | Val Recall@10: 0.0729 | Val NDCG@10: 0.0402
2026-04-22 10:43:32,195 - INFO -   🌟 Saved new best model with Val NDCG@10: 0.0402
2026-04-22 10:43:37,828 - INFO - Epoch 10/100 | Train Loss: 6.9154 | Val Recall@5: 0.0504 | Val NDCG@5: 0.0346 | Val Recall@10: 0.0752 | Val NDCG@10: 0.0425
2026-04-22 10:43:37,868 - INFO -   🌟 Saved new best model with Val NDCG@10: 0.0425
2026-04-22 10:43:43,533 - INFO - Epoch 11/100 | Train Loss: 6.8122 | Val Recall@5: 0.0495 | Val NDCG@5: 0.0337 | Val Recall@10: 0.0727 | Val NDCG@10: 0.0412
2026-04-22 10:43:49,320 - INFO - Epoch 12/100 | Train Loss: 6.7172 | Val Recall@5: 0.0500 | Val NDCG@5: 0.0357 | Val Recall@10: 0.0731 | Val NDCG@10: 0.0431
2026-04-22 10:43:49,359 - INFO -   🌟 Saved new best model with Val NDCG@10: 0.0431
2026-04-22 10:43:54,977 - INFO - Epoch 13/100 | Train Loss: 6.6319 | Val Recall@5: 0.0503 | Val NDCG@5: 0.0350 | Val Recall@10: 0.0745 | Val NDCG@10: 0.0428
2026-04-22 10:44:00,694 - INFO - Epoch 14/100 | Train Loss: 6.5542 | Val Recall@5: 0.0509 | Val NDCG@5: 0.0357 | Val Recall@10: 0.0714 | Val NDCG@10: 0.0423
2026-04-22 10:44:06,234 - INFO - Epoch 15/100 | Train Loss: 6.4749 | Val Recall@5: 0.0512 | Val NDCG@5: 0.0362 | Val Recall@10: 0.0726 | Val NDCG@10: 0.0431
2026-04-22 10:44:11,720 - INFO - Epoch 16/100 | Train Loss: 6.4029 | Val Recall@5: 0.0512 | Val NDCG@5: 0.0362 | Val Recall@10: 0.0719 | Val NDCG@10: 0.0428
2026-04-22 10:44:17,322 - INFO - Epoch 17/100 | Train Loss: 6.3378 | Val Recall@5: 0.0518 | Val NDCG@5: 0.0366 | Val Recall@10: 0.0738 | Val NDCG@10: 0.0436
2026-04-22 10:44:17,394 - INFO -   🌟 Saved new best model with Val NDCG@10: 0.0436
2026-04-22 10:44:23,047 - INFO - Epoch 18/100 | Train Loss: 6.2869 | Val Recall@5: 0.0517 | Val NDCG@5: 0.0364 | Val Recall@10: 0.0736 | Val NDCG@10: 0.0434
2026-04-22 10:44:28,751 - INFO - Epoch 19/100 | Train Loss: 6.2277 | Val Recall@5: 0.0511 | Val NDCG@5: 0.0359 | Val Recall@10: 0.0724 | Val NDCG@10: 0.0427
2026-04-22 10:44:34,394 - INFO - Epoch 20/100 | Train Loss: 6.1779 | Val Recall@5: 0.0504 | Val NDCG@5: 0.0360 | Val Recall@10: 0.0705 | Val NDCG@10: 0.0424
2026-04-22 10:44:40,041 - INFO - Epoch 21/100 | Train Loss: 6.1377 | Val Recall@5: 0.0513 | Val NDCG@5: 0.0370 | Val Recall@10: 0.0733 | Val NDCG@10: 0.0441
2026-04-22 10:44:40,092 - INFO -   🌟 Saved new best model with Val NDCG@10: 0.0441
2026-04-22 10:44:45,889 - INFO - Epoch 22/100 | Train Loss: 6.0904 | Val Recall@5: 0.0493 | Val NDCG@5: 0.0350 | Val Recall@10: 0.0703 | Val NDCG@10: 0.0417
2026-04-22 10:44:51,688 - INFO - Epoch 23/100 | Train Loss: 6.0525 | Val Recall@5: 0.0522 | Val NDCG@5: 0.0369 | Val Recall@10: 0.0719 | Val NDCG@10: 0.0432
2026-04-22 10:44:57,356 - INFO - Epoch 24/100 | Train Loss: 6.0151 | Val Recall@5: 0.0512 | Val NDCG@5: 0.0368 | Val Recall@10: 0.0709 | Val NDCG@10: 0.0432
2026-04-22 10:45:02,977 - INFO - Epoch 25/100 | Train Loss: 5.9790 | Val Recall@5: 0.0513 | Val NDCG@5: 0.0368 | Val Recall@10: 0.0717 | Val NDCG@10: 0.0434
2026-04-22 10:45:08,452 - INFO - Epoch 26/100 | Train Loss: 5.9468 | Val Recall@5: 0.0498 | Val NDCG@5: 0.0361 | Val Recall@10: 0.0706 | Val NDCG@10: 0.0428
2026-04-22 10:45:14,256 - INFO - Epoch 27/100 | Train Loss: 5.9233 | Val Recall@5: 0.0497 | Val NDCG@5: 0.0360 | Val Recall@10: 0.0694 | Val NDCG@10: 0.0423
2026-04-22 10:47:48,544 - INFO - Training arguments: Namespace(dataset='beauty', root='../genrec/dataset/amazon', use_sampled_softmax=False, embed_dim=64, num_heads=2, num_blocks=2, dropout=0.2, max_seq_len=50, num_position_buckets=32, num_time_buckets=64, max_position_distance=128, use_temporal_bias=False, batch_size=128, epochs=100, lr=0.005, weight_decay=0.0, patience=50, device='cuda', checkpoint_dir='./checkpoints', eval_k=10)
2026-04-22 10:47:48,544 - INFO - Loading datasets...
2026-04-22 10:47:55,875 - INFO - Number of items: 12101
2026-04-22 10:47:55,875 - INFO - Train samples: 22363
2026-04-22 10:47:55,875 - INFO - Valid samples: 22363
2026-04-22 10:47:55,875 - INFO - Test samples: 22363
2026-04-22 10:47:55,876 - INFO - Initializing model...
2026-04-22 10:47:56,150 - INFO - Model parameters: 874752
2026-04-22 10:47:57,189 - INFO - Starting training...
2026-04-22 10:48:03,713 - INFO - Epoch 01/100 | Train Loss: 8.7046 | Val Recall@5: 0.0158 | Val NDCG@5: 0.0095 | Val Recall@10: 0.0254 | Val NDCG@10: 0.0126
2026-04-22 10:48:03,790 - INFO -   🌟 Saved new best model with Val NDCG@10: 0.0126
2026-04-22 10:48:09,424 - INFO - Epoch 02/100 | Train Loss: 8.1469 | Val Recall@5: 0.0234 | Val NDCG@5: 0.0144 | Val Recall@10: 0.0396 | Val NDCG@10: 0.0196
2026-04-22 10:48:09,481 - INFO -   🌟 Saved new best model with Val NDCG@10: 0.0196
2026-04-22 10:48:15,228 - INFO - Epoch 03/100 | Train Loss: 7.8952 | Val Recall@5: 0.0296 | Val NDCG@5: 0.0184 | Val Recall@10: 0.0464 | Val NDCG@10: 0.0238
2026-04-22 10:48:15,268 - INFO -   🌟 Saved new best model with Val NDCG@10: 0.0238
2026-04-22 10:48:21,112 - INFO - Epoch 04/100 | Train Loss: 7.7024 | Val Recall@5: 0.0354 | Val NDCG@5: 0.0229 | Val Recall@10: 0.0554 | Val NDCG@10: 0.0293
2026-04-22 10:48:21,161 - INFO -   🌟 Saved new best model with Val NDCG@10: 0.0293
2026-04-22 10:48:26,916 - INFO - Epoch 05/100 | Train Loss: 7.5501 | Val Recall@5: 0.0391 | Val NDCG@5: 0.0259 | Val Recall@10: 0.0625 | Val NDCG@10: 0.0335
2026-04-22 10:48:26,967 - INFO -   🌟 Saved new best model with Val NDCG@10: 0.0335
2026-04-22 10:48:32,683 - INFO - Epoch 06/100 | Train Loss: 7.4042 | Val Recall@5: 0.0420 | Val NDCG@5: 0.0282 | Val Recall@10: 0.0654 | Val NDCG@10: 0.0357
2026-04-22 10:48:32,723 - INFO -   🌟 Saved new best model with Val NDCG@10: 0.0357
2026-04-22 10:48:38,692 - INFO - Epoch 07/100 | Train Loss: 7.2777 | Val Recall@5: 0.0438 | Val NDCG@5: 0.0301 | Val Recall@10: 0.0693 | Val NDCG@10: 0.0384
2026-04-22 10:48:38,733 - INFO -   🌟 Saved new best model with Val NDCG@10: 0.0384
2026-04-22 10:48:44,412 - INFO - Epoch 08/100 | Train Loss: 7.1670 | Val Recall@5: 0.0450 | Val NDCG@5: 0.0306 | Val Recall@10: 0.0707 | Val NDCG@10: 0.0388
2026-04-22 10:48:44,472 - INFO -   🌟 Saved new best model with Val NDCG@10: 0.0388
2026-04-22 10:48:50,175 - INFO - Epoch 09/100 | Train Loss: 7.0584 | Val Recall@5: 0.0478 | Val NDCG@5: 0.0322 | Val Recall@10: 0.0731 | Val NDCG@10: 0.0403
2026-04-22 10:48:50,225 - INFO -   🌟 Saved new best model with Val NDCG@10: 0.0403
2026-04-22 10:48:56,076 - INFO - Epoch 10/100 | Train Loss: 6.9695 | Val Recall@5: 0.0483 | Val NDCG@5: 0.0332 | Val Recall@10: 0.0731 | Val NDCG@10: 0.0412
2026-04-22 10:48:56,119 - INFO -   🌟 Saved new best model with Val NDCG@10: 0.0412
2026-04-22 10:49:01,746 - INFO - Epoch 11/100 | Train Loss: 6.8798 | Val Recall@5: 0.0495 | Val NDCG@5: 0.0342 | Val Recall@10: 0.0736 | Val NDCG@10: 0.0419
2026-04-22 10:49:01,787 - INFO -   🌟 Saved new best model with Val NDCG@10: 0.0419
2026-04-22 10:49:07,520 - INFO - Epoch 12/100 | Train Loss: 6.7973 | Val Recall@5: 0.0508 | Val NDCG@5: 0.0349 | Val Recall@10: 0.0756 | Val NDCG@10: 0.0428
2026-04-22 10:49:07,579 - INFO -   🌟 Saved new best model with Val NDCG@10: 0.0428
2026-04-22 10:49:19,093 - INFO - Epoch 13/100 | Train Loss: 6.7263 | Val Recall@5: 0.0475 | Val NDCG@5: 0.0334 | Val Recall@10: 0.0720 | Val NDCG@10: 0.0412
2026-04-22 10:49:32,512 - INFO - Epoch 14/100 | Train Loss: 6.6613 | Val Recall@5: 0.0494 | Val NDCG@5: 0.0346 | Val Recall@10: 0.0724 | Val NDCG@10: 0.0420
2026-04-22 10:49:46,447 - INFO - Epoch 15/100 | Train Loss: 6.5921 | Val Recall@5: 0.0497 | Val NDCG@5: 0.0350 | Val Recall@10: 0.0720 | Val NDCG@10: 0.0422
2026-04-22 10:49:57,837 - INFO - Epoch 16/100 | Train Loss: 6.5325 | Val Recall@5: 0.0508 | Val NDCG@5: 0.0358 | Val Recall@10: 0.0717 | Val NDCG@10: 0.0425
2026-04-22 10:50:03,744 - INFO - Epoch 17/100 | Train Loss: 6.4768 | Val Recall@5: 0.0502 | Val NDCG@5: 0.0352 | Val Recall@10: 0.0719 | Val NDCG@10: 0.0422
2026-04-22 10:50:09,355 - INFO - Epoch 18/100 | Train Loss: 6.4258 | Val Recall@5: 0.0521 | Val NDCG@5: 0.0361 | Val Recall@10: 0.0730 | Val NDCG@10: 0.0429
2026-04-22 10:50:09,432 - INFO -   🌟 Saved new best model with Val NDCG@10: 0.0429
2026-04-22 10:50:15,255 - INFO - Epoch 19/100 | Train Loss: 6.3810 | Val Recall@5: 0.0495 | Val NDCG@5: 0.0352 | Val Recall@10: 0.0715 | Val NDCG@10: 0.0422
2026-04-22 10:50:24,388 - INFO - Epoch 20/100 | Train Loss: 6.3392 | Val Recall@5: 0.0502 | Val NDCG@5: 0.0354 | Val Recall@10: 0.0724 | Val NDCG@10: 0.0425
2026-04-22 10:50:39,045 - INFO - Epoch 21/100 | Train Loss: 6.2885 | Val Recall@5: 0.0510 | Val NDCG@5: 0.0360 | Val Recall@10: 0.0720 | Val NDCG@10: 0.0427
2026-04-22 10:50:52,940 - INFO - Epoch 22/100 | Train Loss: 6.2575 | Val Recall@5: 0.0504 | Val NDCG@5: 0.0368 | Val Recall@10: 0.0708 | Val NDCG@10: 0.0433
2026-04-22 10:50:53,048 - INFO -   🌟 Saved new best model with Val NDCG@10: 0.0433
2026-04-22 10:51:04,676 - INFO - Epoch 23/100 | Train Loss: 6.2162 | Val Recall@5: 0.0495 | Val NDCG@5: 0.0355 | Val Recall@10: 0.0715 | Val NDCG@10: 0.0426
2026-04-22 10:51:10,363 - INFO - Epoch 24/100 | Train Loss: 6.1779 | Val Recall@5: 0.0492 | Val NDCG@5: 0.0355 | Val Recall@10: 0.0707 | Val NDCG@10: 0.0424
2026-04-22 10:51:15,993 - INFO - Epoch 25/100 | Train Loss: 6.1455 | Val Recall@5: 0.0499 | Val NDCG@5: 0.0359 | Val Recall@10: 0.0701 | Val NDCG@10: 0.0424
2026-04-22 10:51:21,722 - INFO - Epoch 26/100 | Train Loss: 6.1094 | Val Recall@5: 0.0496 | Val NDCG@5: 0.0359 | Val Recall@10: 0.0704 | Val NDCG@10: 0.0427
2026-04-22 10:51:27,247 - INFO - Epoch 27/100 | Train Loss: 6.0820 | Val Recall@5: 0.0492 | Val NDCG@5: 0.0359 | Val Recall@10: 0.0709 | Val NDCG@10: 0.0429
2026-04-22 10:51:34,469 - INFO - Epoch 28/100 | Train Loss: 6.0471 | Val Recall@5: 0.0505 | Val NDCG@5: 0.0362 | Val Recall@10: 0.0715 | Val NDCG@10: 0.0429
2026-04-22 11:02:08,626 - INFO - Training arguments: Namespace(dataset='beauty', root='../genrec/dataset/amazon', use_sampled_softmax=False, embed_dim=64, num_heads=2, num_blocks=2, dropout=0.2, max_seq_len=50, num_position_buckets=32, num_time_buckets=64, max_position_distance=128, use_temporal_bias=False, batch_size=128, epochs=100, lr=0.005, weight_decay=0.0, patience=50, device='cuda', checkpoint_dir='./checkpoints', eval_k=10)
2026-04-22 11:02:08,627 - INFO - Loading datasets...
2026-04-22 11:02:15,949 - INFO - Number of items: 12101
2026-04-22 11:02:15,949 - INFO - Train samples: 22363
2026-04-22 11:02:15,949 - INFO - Valid samples: 22363
2026-04-22 11:02:15,949 - INFO - Test samples: 22363
2026-04-22 11:02:15,950 - INFO - Initializing model...
2026-04-22 11:02:16,360 - INFO - Model parameters: 874752
2026-04-22 11:02:17,420 - INFO - Starting training...
2026-04-22 11:02:22,656 - INFO - Epoch 01/100 | Train Loss: 8.7151 | Val Recall@5: 0.0175 | Val NDCG@5: 0.0104 | Val Recall@10: 0.0273 | Val NDCG@10: 0.0136
2026-04-22 11:02:22,701 - INFO -   🌟 Saved new best model with Val NDCG@10: 0.0136
2026-04-22 11:02:27,582 - INFO - Epoch 02/100 | Train Loss: 8.1440 | Val Recall@5: 0.0225 | Val NDCG@5: 0.0143 | Val Recall@10: 0.0367 | Val NDCG@10: 0.0188
2026-04-22 11:02:27,608 - INFO -   🌟 Saved new best model with Val NDCG@10: 0.0188
2026-04-22 11:02:32,344 - INFO - Epoch 03/100 | Train Loss: 7.9058 | Val Recall@5: 0.0282 | Val NDCG@5: 0.0171 | Val Recall@10: 0.0450 | Val NDCG@10: 0.0225
2026-04-22 11:02:32,388 - INFO -   🌟 Saved new best model with Val NDCG@10: 0.0225
2026-04-22 11:02:37,393 - INFO - Epoch 04/100 | Train Loss: 7.7273 | Val Recall@5: 0.0339 | Val NDCG@5: 0.0211 | Val Recall@10: 0.0548 | Val NDCG@10: 0.0278
2026-04-22 11:02:37,435 - INFO -   🌟 Saved new best model with Val NDCG@10: 0.0278
2026-04-22 11:02:42,161 - INFO - Epoch 05/100 | Train Loss: 7.5620 | Val Recall@5: 0.0390 | Val NDCG@5: 0.0258 | Val Recall@10: 0.0615 | Val NDCG@10: 0.0331
2026-04-22 11:02:42,187 - INFO -   🌟 Saved new best model with Val NDCG@10: 0.0331
2026-04-22 11:02:46,917 - INFO - Epoch 06/100 | Train Loss: 7.4206 | Val Recall@5: 0.0381 | Val NDCG@5: 0.0252 | Val Recall@10: 0.0626 | Val NDCG@10: 0.0331
2026-04-22 11:02:46,953 - INFO -   🌟 Saved new best model with Val NDCG@10: 0.0331
2026-04-22 11:02:51,600 - INFO - Epoch 07/100 | Train Loss: 7.2995 | Val Recall@5: 0.0400 | Val NDCG@5: 0.0265 | Val Recall@10: 0.0621 | Val NDCG@10: 0.0336
2026-04-22 11:02:51,643 - INFO -   🌟 Saved new best model with Val NDCG@10: 0.0336
2026-04-22 11:02:56,304 - INFO - Epoch 08/100 | Train Loss: 7.1809 | Val Recall@5: 0.0462 | Val NDCG@5: 0.0307 | Val Recall@10: 0.0699 | Val NDCG@10: 0.0383
2026-04-22 11:02:56,346 - INFO -   🌟 Saved new best model with Val NDCG@10: 0.0383
2026-04-22 11:03:01,038 - INFO - Epoch 09/100 | Train Loss: 7.0829 | Val Recall@5: 0.0442 | Val NDCG@5: 0.0298 | Val Recall@10: 0.0691 | Val NDCG@10: 0.0378
2026-04-22 11:03:05,370 - INFO - Epoch 10/100 | Train Loss: 6.9924 | Val Recall@5: 0.0448 | Val NDCG@5: 0.0315 | Val Recall@10: 0.0702 | Val NDCG@10: 0.0396
2026-04-22 11:03:05,413 - INFO -   🌟 Saved new best model with Val NDCG@10: 0.0396
2026-04-22 11:03:10,063 - INFO - Epoch 11/100 | Train Loss: 6.9059 | Val Recall@5: 0.0458 | Val NDCG@5: 0.0314 | Val Recall@10: 0.0697 | Val NDCG@10: 0.0391
2026-04-22 11:03:14,790 - INFO - Epoch 12/100 | Train Loss: 6.8247 | Val Recall@5: 0.0506 | Val NDCG@5: 0.0342 | Val Recall@10: 0.0731 | Val NDCG@10: 0.0415
2026-04-22 11:03:14,830 - INFO -   🌟 Saved new best model with Val NDCG@10: 0.0415
2026-04-22 11:03:19,525 - INFO - Epoch 13/100 | Train Loss: 6.7577 | Val Recall@5: 0.0490 | Val NDCG@5: 0.0335 | Val Recall@10: 0.0722 | Val NDCG@10: 0.0409
2026-04-22 11:03:24,148 - INFO - Epoch 14/100 | Train Loss: 6.6920 | Val Recall@5: 0.0504 | Val NDCG@5: 0.0346 | Val Recall@10: 0.0747 | Val NDCG@10: 0.0424
2026-04-22 11:03:24,189 - INFO -   🌟 Saved new best model with Val NDCG@10: 0.0424
2026-04-22 11:03:28,436 - INFO - Epoch 15/100 | Train Loss: 6.6254 | Val Recall@5: 0.0488 | Val NDCG@5: 0.0342 | Val Recall@10: 0.0732 | Val NDCG@10: 0.0421
2026-04-22 11:18:38,822 - INFO - Training arguments: Namespace(dataset='beauty', root='../genrec/dataset/amazon', use_sampled_softmax=False, embed_dim=64, num_heads=2, num_blocks=2, dropout=0.2, max_seq_len=50, num_position_buckets=32, num_time_buckets=64, max_position_distance=128, use_temporal_bias=False, batch_size=128, epochs=100, lr=0.005, weight_decay=0.0, patience=50, device='cuda', checkpoint_dir='./checkpoints', eval_k=10)
2026-04-22 11:18:38,823 - INFO - Loading datasets...
2026-04-22 11:18:47,594 - INFO - Number of items: 12101
2026-04-22 11:18:47,594 - INFO - Train samples: 22363
2026-04-22 11:18:47,594 - INFO - Valid samples: 22363
2026-04-22 11:18:47,594 - INFO - Test samples: 22363
2026-04-22 11:18:47,595 - INFO - Initializing model...
2026-04-22 11:18:47,895 - INFO - Model parameters: 874752
2026-04-22 11:18:48,949 - INFO - Starting training...
2026-04-22 11:18:54,641 - INFO - Epoch 01/100 | Train Loss: 8.6768 | Val Recall@5: 0.0184 | Val NDCG@5: 0.0116 | Val Recall@10: 0.0308 | Val NDCG@10: 0.0156
2026-04-22 11:18:54,667 - INFO -   🌟 Saved new best model with Val NDCG@10: 0.0156
2026-04-22 11:19:00,006 - INFO - Epoch 02/100 | Train Loss: 8.0903 | Val Recall@5: 0.0274 | Val NDCG@5: 0.0176 | Val Recall@10: 0.0433 | Val NDCG@10: 0.0227
2026-04-22 11:19:00,048 - INFO -   🌟 Saved new best model with Val NDCG@10: 0.0227
2026-04-22 11:19:05,196 - INFO - Epoch 03/100 | Train Loss: 7.8607 | Val Recall@5: 0.0313 | Val NDCG@5: 0.0201 | Val Recall@10: 0.0521 | Val NDCG@10: 0.0268
2026-04-22 11:19:05,223 - INFO -   🌟 Saved new best model with Val NDCG@10: 0.0268
2026-04-22 11:19:10,156 - INFO - Epoch 04/100 | Train Loss: 7.6909 | Val Recall@5: 0.0369 | Val NDCG@5: 0.0239 | Val Recall@10: 0.0587 | Val NDCG@10: 0.0310
2026-04-22 11:19:10,195 - INFO -   🌟 Saved new best model with Val NDCG@10: 0.0310
2026-04-22 11:19:15,294 - INFO - Epoch 05/100 | Train Loss: 7.5368 | Val Recall@5: 0.0406 | Val NDCG@5: 0.0268 | Val Recall@10: 0.0643 | Val NDCG@10: 0.0344
2026-04-22 11:19:15,344 - INFO -   🌟 Saved new best model with Val NDCG@10: 0.0344
2026-04-22 11:19:20,764 - INFO - Epoch 06/100 | Train Loss: 7.3921 | Val Recall@5: 0.0446 | Val NDCG@5: 0.0292 | Val Recall@10: 0.0689 | Val NDCG@10: 0.0370
2026-04-22 11:19:20,802 - INFO -   🌟 Saved new best model with Val NDCG@10: 0.0370
2026-04-22 11:19:26,166 - INFO - Epoch 07/100 | Train Loss: 7.2651 | Val Recall@5: 0.0455 | Val NDCG@5: 0.0299 | Val Recall@10: 0.0705 | Val NDCG@10: 0.0379
2026-04-22 11:19:26,202 - INFO -   🌟 Saved new best model with Val NDCG@10: 0.0379
2026-04-22 11:19:31,601 - INFO - Epoch 08/100 | Train Loss: 7.1436 | Val Recall@5: 0.0464 | Val NDCG@5: 0.0315 | Val Recall@10: 0.0694 | Val NDCG@10: 0.0389
2026-04-22 11:19:31,644 - INFO -   🌟 Saved new best model with Val NDCG@10: 0.0389
2026-04-22 11:19:36,706 - INFO - Epoch 09/100 | Train Loss: 7.0347 | Val Recall@5: 0.0479 | Val NDCG@5: 0.0321 | Val Recall@10: 0.0724 | Val NDCG@10: 0.0399
2026-04-22 11:19:36,748 - INFO -   🌟 Saved new best model with Val NDCG@10: 0.0399
2026-04-22 11:19:42,012 - INFO - Epoch 10/100 | Train Loss: 6.9327 | Val Recall@5: 0.0483 | Val NDCG@5: 0.0331 | Val Recall@10: 0.0718 | Val NDCG@10: 0.0406
2026-04-22 11:19:42,056 - INFO -   🌟 Saved new best model with Val NDCG@10: 0.0406
2026-04-22 11:19:47,092 - INFO - Epoch 11/100 | Train Loss: 6.8367 | Val Recall@5: 0.0506 | Val NDCG@5: 0.0348 | Val Recall@10: 0.0733 | Val NDCG@10: 0.0422
2026-04-22 11:19:47,132 - INFO -   🌟 Saved new best model with Val NDCG@10: 0.0422
2026-04-22 11:19:52,144 - INFO - Epoch 12/100 | Train Loss: 6.7529 | Val Recall@5: 0.0511 | Val NDCG@5: 0.0360 | Val Recall@10: 0.0753 | Val NDCG@10: 0.0438
2026-04-22 11:19:52,177 - INFO -   🌟 Saved new best model with Val NDCG@10: 0.0438
2026-04-22 11:19:57,288 - INFO - Epoch 13/100 | Train Loss: 6.6724 | Val Recall@5: 0.0502 | Val NDCG@5: 0.0343 | Val Recall@10: 0.0729 | Val NDCG@10: 0.0416
2026-04-22 11:20:02,402 - INFO - Epoch 14/100 | Train Loss: 6.6058 | Val Recall@5: 0.0500 | Val NDCG@5: 0.0346 | Val Recall@10: 0.0725 | Val NDCG@10: 0.0418
2026-04-22 11:20:07,746 - INFO - Epoch 15/100 | Train Loss: 6.5298 | Val Recall@5: 0.0520 | Val NDCG@5: 0.0363 | Val Recall@10: 0.0743 | Val NDCG@10: 0.0435
2026-04-22 11:20:12,729 - INFO - Epoch 16/100 | Train Loss: 6.4678 | Val Recall@5: 0.0523 | Val NDCG@5: 0.0366 | Val Recall@10: 0.0754 | Val NDCG@10: 0.0440
2026-04-22 11:20:12,752 - INFO -   🌟 Saved new best model with Val NDCG@10: 0.0440
2026-04-22 11:20:17,802 - INFO - Epoch 17/100 | Train Loss: 6.4052 | Val Recall@5: 0.0514 | Val NDCG@5: 0.0362 | Val Recall@10: 0.0749 | Val NDCG@10: 0.0437
2026-04-22 11:20:23,198 - INFO - Epoch 18/100 | Train Loss: 6.3528 | Val Recall@5: 0.0517 | Val NDCG@5: 0.0368 | Val Recall@10: 0.0741 | Val NDCG@10: 0.0440
2026-04-22 11:20:28,221 - INFO - Epoch 19/100 | Train Loss: 6.2969 | Val Recall@5: 0.0529 | Val NDCG@5: 0.0373 | Val Recall@10: 0.0741 | Val NDCG@10: 0.0441
2026-04-22 11:20:28,261 - INFO -   🌟 Saved new best model with Val NDCG@10: 0.0441
2026-04-22 11:20:33,216 - INFO - Epoch 20/100 | Train Loss: 6.2476 | Val Recall@5: 0.0506 | Val NDCG@5: 0.0361 | Val Recall@10: 0.0712 | Val NDCG@10: 0.0427
2026-04-22 11:20:38,494 - INFO - Epoch 21/100 | Train Loss: 6.2006 | Val Recall@5: 0.0516 | Val NDCG@5: 0.0365 | Val Recall@10: 0.0741 | Val NDCG@10: 0.0437
2026-04-22 11:20:43,943 - INFO - Epoch 22/100 | Train Loss: 6.1600 | Val Recall@5: 0.0524 | Val NDCG@5: 0.0364 | Val Recall@10: 0.0739 | Val NDCG@10: 0.0433
2026-04-22 11:20:49,432 - INFO - Epoch 23/100 | Train Loss: 6.1143 | Val Recall@5: 0.0510 | Val NDCG@5: 0.0366 | Val Recall@10: 0.0723 | Val NDCG@10: 0.0434
2026-04-22 11:20:55,109 - INFO - Epoch 24/100 | Train Loss: 6.0778 | Val Recall@5: 0.0516 | Val NDCG@5: 0.0366 | Val Recall@10: 0.0733 | Val NDCG@10: 0.0435
2026-04-22 11:21:00,768 - INFO - Epoch 25/100 | Train Loss: 6.0380 | Val Recall@5: 0.0512 | Val NDCG@5: 0.0361 | Val Recall@10: 0.0724 | Val NDCG@10: 0.0430
2026-04-22 11:21:06,536 - INFO - Epoch 26/100 | Train Loss: 6.0027 | Val Recall@5: 0.0498 | Val NDCG@5: 0.0351 | Val Recall@10: 0.0712 | Val NDCG@10: 0.0420
2026-04-22 11:21:11,964 - INFO - Epoch 27/100 | Train Loss: 5.9666 | Val Recall@5: 0.0504 | Val NDCG@5: 0.0361 | Val Recall@10: 0.0725 | Val NDCG@10: 0.0432
2026-04-22 11:21:37,297 - INFO - Training arguments: Namespace(dataset='beauty', root='../genrec/dataset/amazon', use_sampled_softmax=False, embed_dim=64, num_heads=2, num_blocks=2, dropout=0.2, max_seq_len=50, num_position_buckets=32, num_time_buckets=64, max_position_distance=128, use_temporal_bias=False, batch_size=128, epochs=100, lr=0.005, weight_decay=0.0, patience=50, device='cuda', checkpoint_dir='./checkpoints', eval_k=10)
2026-04-22 11:21:37,297 - INFO - Loading datasets...
2026-04-22 11:21:46,375 - INFO - Number of items: 12101
2026-04-22 11:21:46,375 - INFO - Train samples: 22363
2026-04-22 11:21:46,376 - INFO - Valid samples: 22363
2026-04-22 11:21:46,376 - INFO - Test samples: 22363
2026-04-22 11:21:46,376 - INFO - Initializing model...
2026-04-22 11:21:46,754 - INFO - Model parameters: 874752
2026-04-22 11:21:47,754 - INFO - Starting training...
2026-04-22 11:21:53,926 - INFO - Epoch 01/100 | Train Loss: 8.6853 | Val Recall@5: 0.0131 | Val NDCG@5: 0.0078 | Val Recall@10: 0.0242 | Val NDCG@10: 0.0113
2026-04-22 11:21:53,965 - INFO -   🌟 Saved new best model with Val NDCG@10: 0.0113
2026-04-22 11:21:59,682 - INFO - Epoch 02/100 | Train Loss: 8.1126 | Val Recall@5: 0.0258 | Val NDCG@5: 0.0156 | Val Recall@10: 0.0418 | Val NDCG@10: 0.0207
2026-04-22 11:21:59,707 - INFO -   🌟 Saved new best model with Val NDCG@10: 0.0207
2026-04-22 11:22:05,732 - INFO - Epoch 03/100 | Train Loss: 7.8668 | Val Recall@5: 0.0333 | Val NDCG@5: 0.0210 | Val Recall@10: 0.0512 | Val NDCG@10: 0.0267
2026-04-22 11:22:05,775 - INFO -   🌟 Saved new best model with Val NDCG@10: 0.0267
2026-04-22 11:22:11,582 - INFO - Epoch 04/100 | Train Loss: 7.6828 | Val Recall@5: 0.0336 | Val NDCG@5: 0.0217 | Val Recall@10: 0.0560 | Val NDCG@10: 0.0289
2026-04-22 11:22:11,620 - INFO -   🌟 Saved new best model with Val NDCG@10: 0.0289
2026-04-22 11:22:17,869 - INFO - Epoch 05/100 | Train Loss: 7.5236 | Val Recall@5: 0.0423 | Val NDCG@5: 0.0274 | Val Recall@10: 0.0631 | Val NDCG@10: 0.0341
2026-04-22 11:22:17,911 - INFO -   🌟 Saved new best model with Val NDCG@10: 0.0341
2026-04-22 11:22:23,193 - INFO - Epoch 06/100 | Train Loss: 7.3804 | Val Recall@5: 0.0439 | Val NDCG@5: 0.0294 | Val Recall@10: 0.0673 | Val NDCG@10: 0.0369
2026-04-22 11:22:23,235 - INFO -   🌟 Saved new best model with Val NDCG@10: 0.0369
2026-04-22 11:22:29,108 - INFO - Epoch 07/100 | Train Loss: 7.2437 | Val Recall@5: 0.0430 | Val NDCG@5: 0.0285 | Val Recall@10: 0.0648 | Val NDCG@10: 0.0356
2026-04-22 11:22:34,461 - INFO - Epoch 08/100 | Train Loss: 7.1227 | Val Recall@5: 0.0468 | Val NDCG@5: 0.0315 | Val Recall@10: 0.0718 | Val NDCG@10: 0.0395
2026-04-22 11:22:34,500 - INFO -   🌟 Saved new best model with Val NDCG@10: 0.0395
2026-04-22 11:22:39,650 - INFO - Epoch 09/100 | Train Loss: 7.0125 | Val Recall@5: 0.0467 | Val NDCG@5: 0.0321 | Val Recall@10: 0.0731 | Val NDCG@10: 0.0406
2026-04-22 11:22:39,690 - INFO -   🌟 Saved new best model with Val NDCG@10: 0.0406
2026-04-22 11:22:44,599 - INFO - Epoch 10/100 | Train Loss: 6.9093 | Val Recall@5: 0.0470 | Val NDCG@5: 0.0318 | Val Recall@10: 0.0702 | Val NDCG@10: 0.0393
2026-04-22 11:22:49,975 - INFO - Epoch 11/100 | Train Loss: 6.8152 | Val Recall@5: 0.0473 | Val NDCG@5: 0.0327 | Val Recall@10: 0.0727 | Val NDCG@10: 0.0409
2026-04-22 11:22:50,017 - INFO -   🌟 Saved new best model with Val NDCG@10: 0.0409
2026-04-22 11:22:55,184 - INFO - Epoch 12/100 | Train Loss: 6.7282 | Val Recall@5: 0.0484 | Val NDCG@5: 0.0331 | Val Recall@10: 0.0722 | Val NDCG@10: 0.0407
2026-04-22 11:23:00,217 - INFO - Epoch 13/100 | Train Loss: 6.6525 | Val Recall@5: 0.0495 | Val NDCG@5: 0.0346 | Val Recall@10: 0.0738 | Val NDCG@10: 0.0425
2026-04-22 11:23:00,271 - INFO -   🌟 Saved new best model with Val NDCG@10: 0.0425
2026-04-22 11:23:05,246 - INFO - Epoch 14/100 | Train Loss: 6.5775 | Val Recall@5: 0.0499 | Val NDCG@5: 0.0348 | Val Recall@10: 0.0733 | Val NDCG@10: 0.0424
2026-04-22 11:23:10,057 - INFO - Epoch 15/100 | Train Loss: 6.5119 | Val Recall@5: 0.0493 | Val NDCG@5: 0.0343 | Val Recall@10: 0.0721 | Val NDCG@10: 0.0416
2026-04-22 11:23:15,315 - INFO - Epoch 16/100 | Train Loss: 6.4417 | Val Recall@5: 0.0496 | Val NDCG@5: 0.0359 | Val Recall@10: 0.0715 | Val NDCG@10: 0.0430
2026-04-22 11:23:15,355 - INFO -   🌟 Saved new best model with Val NDCG@10: 0.0430
2026-04-22 11:23:20,238 - INFO - Epoch 17/100 | Train Loss: 6.3879 | Val Recall@5: 0.0512 | Val NDCG@5: 0.0362 | Val Recall@10: 0.0730 | Val NDCG@10: 0.0432
2026-04-22 11:23:20,275 - INFO -   🌟 Saved new best model with Val NDCG@10: 0.0432
2026-04-22 11:23:25,323 - INFO - Epoch 18/100 | Train Loss: 6.3307 | Val Recall@5: 0.0511 | Val NDCG@5: 0.0360 | Val Recall@10: 0.0745 | Val NDCG@10: 0.0436
2026-04-22 11:23:25,354 - INFO -   🌟 Saved new best model with Val NDCG@10: 0.0436
2026-04-22 11:23:30,365 - INFO - Epoch 19/100 | Train Loss: 6.2813 | Val Recall@5: 0.0529 | Val NDCG@5: 0.0371 | Val Recall@10: 0.0739 | Val NDCG@10: 0.0439
2026-04-22 11:23:30,397 - INFO -   🌟 Saved new best model with Val NDCG@10: 0.0439
2026-04-22 11:23:35,235 - INFO - Epoch 20/100 | Train Loss: 6.2358 | Val Recall@5: 0.0523 | Val NDCG@5: 0.0359 | Val Recall@10: 0.0732 | Val NDCG@10: 0.0426
2026-04-22 11:23:39,921 - INFO - Epoch 21/100 | Train Loss: 6.1875 | Val Recall@5: 0.0516 | Val NDCG@5: 0.0365 | Val Recall@10: 0.0730 | Val NDCG@10: 0.0434
2026-04-22 11:23:44,767 - INFO - Epoch 22/100 | Train Loss: 6.1477 | Val Recall@5: 0.0511 | Val NDCG@5: 0.0362 | Val Recall@10: 0.0722 | Val NDCG@10: 0.0430
2026-04-22 11:23:49,760 - INFO - Epoch 23/100 | Train Loss: 6.1069 | Val Recall@5: 0.0521 | Val NDCG@5: 0.0366 | Val Recall@10: 0.0739 | Val NDCG@10: 0.0436
2026-04-22 11:23:54,824 - INFO - Epoch 24/100 | Train Loss: 6.0772 | Val Recall@5: 0.0519 | Val NDCG@5: 0.0365 | Val Recall@10: 0.0738 | Val NDCG@10: 0.0435
2026-04-22 11:23:59,784 - INFO - Epoch 25/100 | Train Loss: 6.0406 | Val Recall@5: 0.0503 | Val NDCG@5: 0.0358 | Val Recall@10: 0.0719 | Val NDCG@10: 0.0428
2026-04-22 11:24:04,775 - INFO - Epoch 26/100 | Train Loss: 6.0008 | Val Recall@5: 0.0487 | Val NDCG@5: 0.0353 | Val Recall@10: 0.0704 | Val NDCG@10: 0.0422
2026-04-22 11:24:10,060 - INFO - Epoch 27/100 | Train Loss: 5.9721 | Val Recall@5: 0.0522 | Val NDCG@5: 0.0366 | Val Recall@10: 0.0725 | Val NDCG@10: 0.0431
2026-04-22 11:24:14,996 - INFO - Epoch 28/100 | Train Loss: 5.9448 | Val Recall@5: 0.0518 | Val NDCG@5: 0.0368 | Val Recall@10: 0.0731 | Val NDCG@10: 0.0436
2026-04-22 11:24:19,821 - INFO - Epoch 29/100 | Train Loss: 5.9185 | Val Recall@5: 0.0511 | Val NDCG@5: 0.0359 | Val Recall@10: 0.0725 | Val NDCG@10: 0.0428
2026-04-22 11:24:25,254 - INFO - Epoch 30/100 | Train Loss: 5.8935 | Val Recall@5: 0.0509 | Val NDCG@5: 0.0367 | Val Recall@10: 0.0731 | Val NDCG@10: 0.0438
2026-04-22 11:24:29,982 - INFO - Epoch 31/100 | Train Loss: 5.8660 | Val Recall@5: 0.0514 | Val NDCG@5: 0.0365 | Val Recall@10: 0.0713 | Val NDCG@10: 0.0429
2026-04-22 11:24:34,849 - INFO - Epoch 32/100 | Train Loss: 5.8476 | Val Recall@5: 0.0489 | Val NDCG@5: 0.0345 | Val Recall@10: 0.0697 | Val NDCG@10: 0.0412
2026-04-22 11:32:42,188 - INFO - Training arguments: Namespace(dataset='beauty', root='../genrec/dataset/amazon', use_sampled_softmax=False, embed_dim=64, num_heads=2, num_blocks=2, dropout=0.2, max_seq_len=50, num_position_buckets=32, num_time_buckets=64, max_position_distance=128, use_temporal_bias=False, batch_size=128, epochs=100, lr=0.005, weight_decay=0.0, patience=50, device='cuda', checkpoint_dir='./checkpoints', eval_k=10)
2026-04-22 11:32:42,188 - INFO - Loading datasets...
2026-04-22 11:32:50,974 - INFO - Number of items: 12101
2026-04-22 11:32:50,974 - INFO - Train samples: 22363
2026-04-22 11:32:50,974 - INFO - Valid samples: 22363
2026-04-22 11:32:50,974 - INFO - Test samples: 22363
2026-04-22 11:32:50,975 - INFO - Initializing model...
2026-04-22 11:32:51,651 - INFO - Model parameters: 874752
2026-04-22 11:32:52,701 - INFO - Starting training...
2026-04-22 11:32:59,077 - INFO - Epoch 01/100 | Train Loss: 8.6894 | Val Recall@5: 0.0159 | Val NDCG@5: 0.0101 | Val Recall@10: 0.0289 | Val NDCG@10: 0.0143
2026-04-22 11:32:59,127 - INFO -   🌟 Saved new best model with Val NDCG@10: 0.0143
2026-04-22 11:33:04,963 - INFO - Epoch 02/100 | Train Loss: 8.1021 | Val Recall@5: 0.0268 | Val NDCG@5: 0.0174 | Val Recall@10: 0.0429 | Val NDCG@10: 0.0225
2026-04-22 11:33:05,001 - INFO -   🌟 Saved new best model with Val NDCG@10: 0.0225
2026-04-22 11:33:12,952 - INFO - Training arguments: Namespace(dataset='beauty', root='../genrec/dataset/amazon', use_sampled_softmax=False, embed_dim=64, num_heads=2, num_blocks=2, dropout=0.2, max_seq_len=50, num_position_buckets=32, num_time_buckets=64, max_position_distance=128, use_temporal_bias=False, batch_size=128, epochs=100, lr=0.005, weight_decay=0.0, patience=50, device='cuda', checkpoint_dir='./checkpoints', eval_k=10)
2026-04-22 11:33:12,952 - INFO - Loading datasets...
2026-04-22 11:33:21,936 - INFO - Number of items: 12101
2026-04-22 11:33:21,936 - INFO - Train samples: 22363
2026-04-22 11:33:21,936 - INFO - Valid samples: 22363
2026-04-22 11:33:21,936 - INFO - Test samples: 22363
2026-04-22 11:33:21,936 - INFO - Initializing model...
2026-04-22 11:33:22,251 - INFO - Model parameters: 874752
2026-04-22 11:33:23,275 - INFO - Starting training...
2026-04-22 11:33:29,252 - INFO - Epoch 01/100 | Train Loss: 15.9856 | Val Recall@5: 0.0026 | Val NDCG@5: 0.0014 | Val Recall@10: 0.0051 | Val NDCG@10: 0.0022
2026-04-22 11:33:29,300 - INFO -   🌟 Saved new best model with Val NDCG@10: 0.0022
2026-04-22 11:33:34,812 - INFO - Epoch 02/100 | Train Loss: 9.6067 | Val Recall@5: 0.0032 | Val NDCG@5: 0.0020 | Val Recall@10: 0.0051 | Val NDCG@10: 0.0027
2026-04-22 11:33:34,858 - INFO -   🌟 Saved new best model with Val NDCG@10: 0.0027
2026-04-22 11:33:40,847 - INFO - Epoch 03/100 | Train Loss: 9.1917 | Val Recall@5: 0.0059 | Val NDCG@5: 0.0035 | Val Recall@10: 0.0111 | Val NDCG@10: 0.0052
2026-04-22 11:33:40,899 - INFO -   🌟 Saved new best model with Val NDCG@10: 0.0052
2026-04-22 11:33:45,999 - INFO - Epoch 04/100 | Train Loss: 8.9965 | Val Recall@5: 0.0065 | Val NDCG@5: 0.0039 | Val Recall@10: 0.0108 | Val NDCG@10: 0.0052
2026-04-22 11:33:46,037 - INFO -   🌟 Saved new best model with Val NDCG@10: 0.0052
2026-04-22 11:33:51,123 - INFO - Epoch 05/100 | Train Loss: 8.9315 | Val Recall@5: 0.0065 | Val NDCG@5: 0.0038 | Val Recall@10: 0.0113 | Val NDCG@10: 0.0054
2026-04-22 11:33:51,173 - INFO -   🌟 Saved new best model with Val NDCG@10: 0.0054
2026-04-22 11:33:56,067 - INFO - Epoch 06/100 | Train Loss: 8.9004 | Val Recall@5: 0.0072 | Val NDCG@5: 0.0045 | Val Recall@10: 0.0109 | Val NDCG@10: 0.0057
2026-04-22 11:33:56,112 - INFO -   🌟 Saved new best model with Val NDCG@10: 0.0057
2026-04-22 11:34:01,138 - INFO - Epoch 07/100 | Train Loss: 8.8774 | Val Recall@5: 0.0072 | Val NDCG@5: 0.0043 | Val Recall@10: 0.0111 | Val NDCG@10: 0.0055
2026-04-22 11:34:06,433 - INFO - Epoch 08/100 | Train Loss: 8.8673 | Val Recall@5: 0.0072 | Val NDCG@5: 0.0047 | Val Recall@10: 0.0115 | Val NDCG@10: 0.0061
2026-04-22 11:34:06,471 - INFO -   🌟 Saved new best model with Val NDCG@10: 0.0061
2026-04-22 11:34:19,208 - INFO - Training arguments: Namespace(dataset='beauty', root='../genrec/dataset/amazon', use_sampled_softmax=False, embed_dim=64, num_heads=2, num_blocks=2, dropout=0.2, max_seq_len=50, num_position_buckets=32, num_time_buckets=64, max_position_distance=128, use_temporal_bias=False, batch_size=128, epochs=100, lr=0.005, weight_decay=0.0, patience=50, device='cuda', checkpoint_dir='./checkpoints', eval_k=10)
2026-04-22 11:34:19,208 - INFO - Loading datasets...
2026-04-22 11:34:28,121 - INFO - Number of items: 12101
2026-04-22 11:34:28,122 - INFO - Train samples: 22363
2026-04-22 11:34:28,122 - INFO - Valid samples: 22363
2026-04-22 11:34:28,122 - INFO - Test samples: 22363
2026-04-22 11:34:28,122 - INFO - Initializing model...
2026-04-22 11:34:28,721 - INFO - Model parameters: 874752
2026-04-22 11:34:29,760 - INFO - Starting training...
2026-04-22 11:34:34,975 - INFO - Epoch 01/100 | Train Loss: 8.6861 | Val Recall@5: 0.0165 | Val NDCG@5: 0.0102 | Val Recall@10: 0.0304 | Val NDCG@10: 0.0146
2026-04-22 11:34:35,028 - INFO -   🌟 Saved new best model with Val NDCG@10: 0.0146
2026-04-22 11:34:39,861 - INFO - Epoch 02/100 | Train Loss: 8.0961 | Val Recall@5: 0.0227 | Val NDCG@5: 0.0142 | Val Recall@10: 0.0394 | Val NDCG@10: 0.0196
2026-04-22 11:34:39,891 - INFO -   🌟 Saved new best model with Val NDCG@10: 0.0196
2026-04-22 11:34:44,898 - INFO - Epoch 03/100 | Train Loss: 7.8684 | Val Recall@5: 0.0292 | Val NDCG@5: 0.0187 | Val Recall@10: 0.0483 | Val NDCG@10: 0.0248
2026-04-22 11:34:44,940 - INFO -   🌟 Saved new best model with Val NDCG@10: 0.0248
2026-04-22 11:34:50,084 - INFO - Epoch 04/100 | Train Loss: 7.6937 | Val Recall@5: 0.0354 | Val NDCG@5: 0.0228 | Val Recall@10: 0.0574 | Val NDCG@10: 0.0299
2026-04-22 11:34:50,131 - INFO -   🌟 Saved new best model with Val NDCG@10: 0.0299
2026-04-22 11:34:55,668 - INFO - Epoch 05/100 | Train Loss: 7.5431 | Val Recall@5: 0.0373 | Val NDCG@5: 0.0240 | Val Recall@10: 0.0588 | Val NDCG@10: 0.0309
2026-04-22 11:34:55,694 - INFO -   🌟 Saved new best model with Val NDCG@10: 0.0309
2026-04-22 11:35:00,630 - INFO - Epoch 06/100 | Train Loss: 7.4124 | Val Recall@5: 0.0407 | Val NDCG@5: 0.0266 | Val Recall@10: 0.0647 | Val NDCG@10: 0.0344
2026-04-22 11:35:00,672 - INFO -   🌟 Saved new best model with Val NDCG@10: 0.0344
2026-04-22 11:35:05,715 - INFO - Epoch 07/100 | Train Loss: 7.2918 | Val Recall@5: 0.0436 | Val NDCG@5: 0.0287 | Val Recall@10: 0.0658 | Val NDCG@10: 0.0357
2026-04-22 11:35:05,753 - INFO -   🌟 Saved new best model with Val NDCG@10: 0.0357
2026-04-22 11:35:10,879 - INFO - Epoch 08/100 | Train Loss: 7.1805 | Val Recall@5: 0.0435 | Val NDCG@5: 0.0295 | Val Recall@10: 0.0685 | Val NDCG@10: 0.0375
2026-04-22 11:35:10,920 - INFO -   🌟 Saved new best model with Val NDCG@10: 0.0375
2026-04-22 11:35:16,455 - INFO - Epoch 09/100 | Train Loss: 7.0728 | Val Recall@5: 0.0465 | Val NDCG@5: 0.0317 | Val Recall@10: 0.0705 | Val NDCG@10: 0.0395
2026-04-22 11:35:16,500 - INFO -   🌟 Saved new best model with Val NDCG@10: 0.0395
2026-04-22 11:35:21,737 - INFO - Epoch 10/100 | Train Loss: 6.9785 | Val Recall@5: 0.0470 | Val NDCG@5: 0.0323 | Val Recall@10: 0.0724 | Val NDCG@10: 0.0406
2026-04-22 11:35:21,769 - INFO -   🌟 Saved new best model with Val NDCG@10: 0.0406
2026-04-22 11:35:27,272 - INFO - Epoch 11/100 | Train Loss: 6.8881 | Val Recall@5: 0.0485 | Val NDCG@5: 0.0330 | Val Recall@10: 0.0719 | Val NDCG@10: 0.0405
2026-04-22 11:35:32,430 - INFO - Epoch 12/100 | Train Loss: 6.8065 | Val Recall@5: 0.0480 | Val NDCG@5: 0.0333 | Val Recall@10: 0.0712 | Val NDCG@10: 0.0407
2026-04-22 11:35:32,473 - INFO -   🌟 Saved new best model with Val NDCG@10: 0.0407
2026-04-22 11:35:37,809 - INFO - Epoch 13/100 | Train Loss: 6.7313 | Val Recall@5: 0.0488 | Val NDCG@5: 0.0328 | Val Recall@10: 0.0732 | Val NDCG@10: 0.0406
2026-04-22 11:35:42,842 - INFO - Epoch 14/100 | Train Loss: 6.6626 | Val Recall@5: 0.0486 | Val NDCG@5: 0.0340 | Val Recall@10: 0.0723 | Val NDCG@10: 0.0416
2026-04-22 11:35:42,883 - INFO -   🌟 Saved new best model with Val NDCG@10: 0.0416
2026-04-22 11:35:47,652 - INFO - Epoch 15/100 | Train Loss: 6.5873 | Val Recall@5: 0.0487 | Val NDCG@5: 0.0336 | Val Recall@10: 0.0716 | Val NDCG@10: 0.0410
2026-04-22 11:35:52,422 - INFO - Epoch 16/100 | Train Loss: 6.5311 | Val Recall@5: 0.0504 | Val NDCG@5: 0.0357 | Val Recall@10: 0.0730 | Val NDCG@10: 0.0429
2026-04-22 11:35:52,464 - INFO -   🌟 Saved new best model with Val NDCG@10: 0.0429
2026-04-22 11:35:57,431 - INFO - Epoch 17/100 | Train Loss: 6.4733 | Val Recall@5: 0.0520 | Val NDCG@5: 0.0360 | Val Recall@10: 0.0733 | Val NDCG@10: 0.0428
2026-04-22 11:36:02,937 - INFO - Epoch 18/100 | Train Loss: 6.4171 | Val Recall@5: 0.0523 | Val NDCG@5: 0.0360 | Val Recall@10: 0.0749 | Val NDCG@10: 0.0432
2026-04-22 11:36:02,977 - INFO -   🌟 Saved new best model with Val NDCG@10: 0.0432
2026-04-22 11:36:08,460 - INFO - Epoch 19/100 | Train Loss: 6.3665 | Val Recall@5: 0.0512 | Val NDCG@5: 0.0359 | Val Recall@10: 0.0714 | Val NDCG@10: 0.0424
2026-04-22 11:36:14,086 - INFO - Epoch 20/100 | Train Loss: 6.3119 | Val Recall@5: 0.0517 | Val NDCG@5: 0.0360 | Val Recall@10: 0.0718 | Val NDCG@10: 0.0425
2026-04-22 11:36:19,546 - INFO - Epoch 21/100 | Train Loss: 6.2660 | Val Recall@5: 0.0508 | Val NDCG@5: 0.0353 | Val Recall@10: 0.0728 | Val NDCG@10: 0.0424
2026-04-22 11:36:25,085 - INFO - Epoch 22/100 | Train Loss: 6.2262 | Val Recall@5: 0.0514 | Val NDCG@5: 0.0360 | Val Recall@10: 0.0722 | Val NDCG@10: 0.0428
2026-04-22 11:36:30,524 - INFO - Epoch 23/100 | Train Loss: 6.1824 | Val Recall@5: 0.0496 | Val NDCG@5: 0.0357 | Val Recall@10: 0.0722 | Val NDCG@10: 0.0429
2026-04-22 11:36:35,587 - INFO - Epoch 24/100 | Train Loss: 6.1470 | Val Recall@5: 0.0499 | Val NDCG@5: 0.0352 | Val Recall@10: 0.0703 | Val NDCG@10: 0.0418
2026-04-22 11:36:40,902 - INFO - Epoch 25/100 | Train Loss: 6.1109 | Val Recall@5: 0.0493 | Val NDCG@5: 0.0350 | Val Recall@10: 0.0702 | Val NDCG@10: 0.0418
2026-04-22 11:36:46,681 - INFO - Epoch 26/100 | Train Loss: 6.0792 | Val Recall@5: 0.0515 | Val NDCG@5: 0.0362 | Val Recall@10: 0.0722 | Val NDCG@10: 0.0429
2026-04-22 11:36:52,185 - INFO - Epoch 27/100 | Train Loss: 6.0381 | Val Recall@5: 0.0481 | Val NDCG@5: 0.0344 | Val Recall@10: 0.0697 | Val NDCG@10: 0.0413
2026-04-22 11:36:57,612 - INFO - Epoch 28/100 | Train Loss: 6.0125 | Val Recall@5: 0.0521 | Val NDCG@5: 0.0367 | Val Recall@10: 0.0725 | Val NDCG@10: 0.0433
2026-04-22 11:36:57,659 - INFO -   🌟 Saved new best model with Val NDCG@10: 0.0433
2026-04-22 11:37:02,853 - INFO - Epoch 29/100 | Train Loss: 5.9835 | Val Recall@5: 0.0516 | Val NDCG@5: 0.0368 | Val Recall@10: 0.0727 | Val NDCG@10: 0.0435
2026-04-22 11:37:02,892 - INFO -   🌟 Saved new best model with Val NDCG@10: 0.0435
2026-04-22 11:37:08,048 - INFO - Epoch 30/100 | Train Loss: 5.9538 | Val Recall@5: 0.0510 | Val NDCG@5: 0.0357 | Val Recall@10: 0.0721 | Val NDCG@10: 0.0425
2026-04-22 11:37:13,385 - INFO - Epoch 31/100 | Train Loss: 5.9351 | Val Recall@5: 0.0508 | Val NDCG@5: 0.0371 | Val Recall@10: 0.0703 | Val NDCG@10: 0.0435
2026-04-22 11:37:18,773 - INFO - Epoch 32/100 | Train Loss: 5.9063 | Val Recall@5: 0.0515 | Val NDCG@5: 0.0364 | Val Recall@10: 0.0710 | Val NDCG@10: 0.0426
2026-04-22 11:37:23,914 - INFO - Epoch 33/100 | Train Loss: 5.8847 | Val Recall@5: 0.0501 | Val NDCG@5: 0.0357 | Val Recall@10: 0.0713 | Val NDCG@10: 0.0425
2026-04-22 11:37:29,181 - INFO - Epoch 34/100 | Train Loss: 5.8610 | Val Recall@5: 0.0502 | Val NDCG@5: 0.0362 | Val Recall@10: 0.0704 | Val NDCG@10: 0.0427
2026-04-22 11:37:34,569 - INFO - Epoch 35/100 | Train Loss: 5.8359 | Val Recall@5: 0.0503 | Val NDCG@5: 0.0361 | Val Recall@10: 0.0707 | Val NDCG@10: 0.0426
2026-04-22 11:37:39,765 - INFO - Epoch 36/100 | Train Loss: 5.8165 | Val Recall@5: 0.0522 | Val NDCG@5: 0.0373 | Val Recall@10: 0.0707 | Val NDCG@10: 0.0432
2026-04-22 11:37:45,116 - INFO - Epoch 37/100 | Train Loss: 5.7998 | Val Recall@5: 0.0499 | Val NDCG@5: 0.0354 | Val Recall@10: 0.0696 | Val NDCG@10: 0.0417
2026-04-22 11:37:50,592 - INFO - Epoch 38/100 | Train Loss: 5.7836 | Val Recall@5: 0.0498 | Val NDCG@5: 0.0359 | Val Recall@10: 0.0698 | Val NDCG@10: 0.0423
2026-04-22 11:37:55,852 - INFO - Epoch 39/100 | Train Loss: 5.7580 | Val Recall@5: 0.0497 | Val NDCG@5: 0.0361 | Val Recall@10: 0.0707 | Val NDCG@10: 0.0429
2026-04-22 11:42:14,362 - INFO - Training arguments: Namespace(dataset='beauty', root='../genrec/dataset/amazon', use_sampled_softmax=False, embed_dim=64, num_heads=2, num_blocks=2, dropout=0.2, max_seq_len=50, num_position_buckets=32, num_time_buckets=64, max_position_distance=128, use_temporal_bias=False, batch_size=128, epochs=100, lr=0.005, weight_decay=0.0, patience=50, device='cuda', checkpoint_dir='./checkpoints', eval_k=10)
2026-04-22 11:42:14,362 - INFO - Loading datasets...
2026-04-22 11:42:23,190 - INFO - Number of items: 12101
2026-04-22 11:42:23,191 - INFO - Train samples: 22363
2026-04-22 11:42:23,191 - INFO - Valid samples: 22363
2026-04-22 11:42:23,191 - INFO - Test samples: 22363
2026-04-22 11:42:23,191 - INFO - Initializing model...
2026-04-22 11:42:23,831 - INFO - Model parameters: 874752
2026-04-22 11:42:24,871 - INFO - Starting training...
2026-04-22 11:42:30,064 - INFO - Epoch 01/100 | Train Loss: 8.7363 | Val Recall@5: 0.0127 | Val NDCG@5: 0.0076 | Val Recall@10: 0.0260 | Val NDCG@10: 0.0119
2026-04-22 11:42:30,119 - INFO -   🌟 Saved new best model with Val NDCG@10: 0.0119
2026-04-22 11:42:34,854 - INFO - Epoch 02/100 | Train Loss: 8.1916 | Val Recall@5: 0.0212 | Val NDCG@5: 0.0128 | Val Recall@10: 0.0349 | Val NDCG@10: 0.0172
2026-04-22 11:42:34,906 - INFO -   🌟 Saved new best model with Val NDCG@10: 0.0172
2026-04-22 11:42:39,425 - INFO - Epoch 03/100 | Train Loss: 7.9438 | Val Recall@5: 0.0267 | Val NDCG@5: 0.0164 | Val Recall@10: 0.0440 | Val NDCG@10: 0.0220
2026-04-22 11:42:39,464 - INFO -   🌟 Saved new best model with Val NDCG@10: 0.0220
2026-04-22 11:42:43,888 - INFO - Epoch 04/100 | Train Loss: 7.7598 | Val Recall@5: 0.0349 | Val NDCG@5: 0.0220 | Val Recall@10: 0.0547 | Val NDCG@10: 0.0284
2026-04-22 11:42:43,921 - INFO -   🌟 Saved new best model with Val NDCG@10: 0.0284
2026-04-22 11:42:48,511 - INFO - Epoch 05/100 | Train Loss: 7.6009 | Val Recall@5: 0.0376 | Val NDCG@5: 0.0244 | Val Recall@10: 0.0597 | Val NDCG@10: 0.0314
2026-04-22 11:42:48,549 - INFO -   🌟 Saved new best model with Val NDCG@10: 0.0314
2026-04-22 11:42:52,961 - INFO - Epoch 06/100 | Train Loss: 7.4650 | Val Recall@5: 0.0402 | Val NDCG@5: 0.0268 | Val Recall@10: 0.0604 | Val NDCG@10: 0.0333
2026-04-22 11:42:53,002 - INFO -   🌟 Saved new best model with Val NDCG@10: 0.0333
2026-04-22 11:42:57,439 - INFO - Epoch 07/100 | Train Loss: 7.3439 | Val Recall@5: 0.0423 | Val NDCG@5: 0.0287 | Val Recall@10: 0.0655 | Val NDCG@10: 0.0361
2026-04-22 11:42:57,475 - INFO -   🌟 Saved new best model with Val NDCG@10: 0.0361
2026-04-22 11:43:02,128 - INFO - Epoch 08/100 | Train Loss: 7.2256 | Val Recall@5: 0.0468 | Val NDCG@5: 0.0311 | Val Recall@10: 0.0713 | Val NDCG@10: 0.0390
2026-04-22 11:43:02,171 - INFO -   🌟 Saved new best model with Val NDCG@10: 0.0390
2026-04-22 11:43:06,663 - INFO - Epoch 09/100 | Train Loss: 7.1228 | Val Recall@5: 0.0454 | Val NDCG@5: 0.0313 | Val Recall@10: 0.0687 | Val NDCG@10: 0.0389
2026-04-22 11:43:11,300 - INFO - Epoch 10/100 | Train Loss: 7.0202 | Val Recall@5: 0.0460 | Val NDCG@5: 0.0309 | Val Recall@10: 0.0686 | Val NDCG@10: 0.0382
2026-04-22 11:43:15,802 - INFO - Epoch 11/100 | Train Loss: 6.9342 | Val Recall@5: 0.0477 | Val NDCG@5: 0.0331 | Val Recall@10: 0.0699 | Val NDCG@10: 0.0403
2026-04-22 11:43:15,844 - INFO -   🌟 Saved new best model with Val NDCG@10: 0.0403
2026-04-22 11:43:20,258 - INFO - Epoch 12/100 | Train Loss: 6.8473 | Val Recall@5: 0.0459 | Val NDCG@5: 0.0324 | Val Recall@10: 0.0694 | Val NDCG@10: 0.0400
2026-04-22 11:43:24,798 - INFO - Epoch 13/100 | Train Loss: 6.7641 | Val Recall@5: 0.0491 | Val NDCG@5: 0.0338 | Val Recall@10: 0.0732 | Val NDCG@10: 0.0416
2026-04-22 11:43:24,850 - INFO -   🌟 Saved new best model with Val NDCG@10: 0.0416
2026-04-22 11:43:29,620 - INFO - Epoch 14/100 | Train Loss: 6.7079 | Val Recall@5: 0.0484 | Val NDCG@5: 0.0342 | Val Recall@10: 0.0706 | Val NDCG@10: 0.0413
2026-04-22 11:43:34,060 - INFO - Epoch 15/100 | Train Loss: 6.6394 | Val Recall@5: 0.0504 | Val NDCG@5: 0.0353 | Val Recall@10: 0.0714 | Val NDCG@10: 0.0421
2026-04-22 11:43:34,122 - INFO -   🌟 Saved new best model with Val NDCG@10: 0.0421
2026-04-22 11:43:38,678 - INFO - Epoch 16/100 | Train Loss: 6.5740 | Val Recall@5: 0.0500 | Val NDCG@5: 0.0355 | Val Recall@10: 0.0724 | Val NDCG@10: 0.0427
2026-04-22 11:43:38,720 - INFO -   🌟 Saved new best model with Val NDCG@10: 0.0427
2026-04-22 11:43:43,276 - INFO - Epoch 17/100 | Train Loss: 6.5172 | Val Recall@5: 0.0511 | Val NDCG@5: 0.0363 | Val Recall@10: 0.0739 | Val NDCG@10: 0.0436
2026-04-22 11:43:43,320 - INFO -   🌟 Saved new best model with Val NDCG@10: 0.0436
2026-04-22 11:43:47,903 - INFO - Epoch 18/100 | Train Loss: 6.4636 | Val Recall@5: 0.0503 | Val NDCG@5: 0.0353 | Val Recall@10: 0.0713 | Val NDCG@10: 0.0421
2026-04-22 11:43:52,565 - INFO - Epoch 19/100 | Train Loss: 6.4217 | Val Recall@5: 0.0504 | Val NDCG@5: 0.0359 | Val Recall@10: 0.0707 | Val NDCG@10: 0.0425
2026-04-22 11:43:57,158 - INFO - Epoch 20/100 | Train Loss: 6.3721 | Val Recall@5: 0.0499 | Val NDCG@5: 0.0356 | Val Recall@10: 0.0715 | Val NDCG@10: 0.0426
2026-04-22 11:44:01,942 - INFO - Epoch 21/100 | Train Loss: 6.3268 | Val Recall@5: 0.0519 | Val NDCG@5: 0.0367 | Val Recall@10: 0.0716 | Val NDCG@10: 0.0431
2026-04-22 11:44:06,560 - INFO - Epoch 22/100 | Train Loss: 6.2846 | Val Recall@5: 0.0512 | Val NDCG@5: 0.0368 | Val Recall@10: 0.0724 | Val NDCG@10: 0.0436
2026-04-22 11:44:11,344 - INFO - Epoch 23/100 | Train Loss: 6.2400 | Val Recall@5: 0.0497 | Val NDCG@5: 0.0362 | Val Recall@10: 0.0706 | Val NDCG@10: 0.0429
2026-04-22 11:44:16,054 - INFO - Epoch 24/100 | Train Loss: 6.2112 | Val Recall@5: 0.0503 | Val NDCG@5: 0.0362 | Val Recall@10: 0.0717 | Val NDCG@10: 0.0431
2026-04-22 11:44:20,839 - INFO - Epoch 25/100 | Train Loss: 6.1751 | Val Recall@5: 0.0493 | Val NDCG@5: 0.0364 | Val Recall@10: 0.0697 | Val NDCG@10: 0.0429
2026-04-22 11:44:25,472 - INFO - Epoch 26/100 | Train Loss: 6.1443 | Val Recall@5: 0.0508 | Val NDCG@5: 0.0366 | Val Recall@10: 0.0709 | Val NDCG@10: 0.0430
2026-04-22 11:44:30,144 - INFO - Epoch 27/100 | Train Loss: 6.1162 | Val Recall@5: 0.0512 | Val NDCG@5: 0.0374 | Val Recall@10: 0.0709 | Val NDCG@10: 0.0438
2026-04-22 11:44:30,182 - INFO -   🌟 Saved new best model with Val NDCG@10: 0.0438
2026-04-22 11:44:34,778 - INFO - Epoch 28/100 | Train Loss: 6.0852 | Val Recall@5: 0.0501 | Val NDCG@5: 0.0367 | Val Recall@10: 0.0699 | Val NDCG@10: 0.0431
2026-04-23 11:08:31,501 - INFO - Training arguments: Namespace(dataset='beauty', root='../genrec/dataset/amazon', use_sampled_softmax=False, embed_dim=64, num_heads=2, num_blocks=2, dropout=0.2, max_seq_len=50, num_position_buckets=32, num_time_buckets=64, max_position_distance=128, use_temporal_bias=False, batch_size=128, epochs=100, lr=0.005, weight_decay=0.0, patience=50, device='cuda', checkpoint_dir='./checkpoints', eval_k=10)
2026-04-23 11:08:31,501 - INFO - Loading datasets...
2026-04-23 11:09:39,683 - INFO - Training arguments: Namespace(dataset='beauty', root='../genrec/dataset/amazon', use_sampled_softmax=False, embed_dim=64, num_heads=2, num_blocks=2, dropout=0.2, max_seq_len=50, num_position_buckets=32, num_time_buckets=64, max_position_distance=128, use_temporal_bias=False, batch_size=128, epochs=100, lr=0.005, weight_decay=0.0, patience=50, device='cuda', checkpoint_dir='./checkpoints', eval_k=10)
2026-04-23 11:09:39,683 - INFO - Loading datasets...
2026-04-23 11:09:52,378 - INFO - Number of items: 12101
2026-04-23 11:09:52,378 - INFO - Train samples: 22363
2026-04-23 11:09:52,378 - INFO - Valid samples: 22363
2026-04-23 11:09:52,378 - INFO - Test samples: 22363
2026-04-23 11:09:52,378 - INFO - Initializing model...
2026-04-23 11:09:52,422 - INFO - Model parameters: 874752
2026-04-23 11:09:53,476 - INFO - Starting training...
2026-04-23 11:09:58,343 - INFO - Epoch 01/100 | Train Loss: 8.7177 | Val Recall@5: 0.0141 | Val NDCG@5: 0.0085 | Val Recall@10: 0.0254 | Val NDCG@10: 0.0121
2026-04-23 11:09:58,388 - INFO -   🌟 Saved new best model with Val NDCG@10: 0.0121
2026-04-23 11:10:02,758 - INFO - Epoch 02/100 | Train Loss: 8.1550 | Val Recall@5: 0.0201 | Val NDCG@5: 0.0133 | Val Recall@10: 0.0374 | Val NDCG@10: 0.0188
2026-04-23 11:10:02,802 - INFO -   🌟 Saved new best model with Val NDCG@10: 0.0188
2026-04-23 11:10:07,246 - INFO - Epoch 03/100 | Train Loss: 7.8842 | Val Recall@5: 0.0312 | Val NDCG@5: 0.0198 | Val Recall@10: 0.0520 | Val NDCG@10: 0.0265
2026-04-23 11:10:07,288 - INFO -   🌟 Saved new best model with Val NDCG@10: 0.0265
2026-04-23 11:10:11,477 - INFO - Epoch 04/100 | Train Loss: 7.6931 | Val Recall@5: 0.0369 | Val NDCG@5: 0.0238 | Val Recall@10: 0.0596 | Val NDCG@10: 0.0310
2026-04-23 11:10:11,528 - INFO -   🌟 Saved new best model with Val NDCG@10: 0.0310
2026-04-23 11:10:15,578 - INFO - Epoch 05/100 | Train Loss: 7.5283 | Val Recall@5: 0.0418 | Val NDCG@5: 0.0266 | Val Recall@10: 0.0639 | Val NDCG@10: 0.0337
2026-04-23 11:10:15,618 - INFO -   🌟 Saved new best model with Val NDCG@10: 0.0337
2026-04-23 11:10:19,813 - INFO - Epoch 06/100 | Train Loss: 7.3673 | Val Recall@5: 0.0432 | Val NDCG@5: 0.0280 | Val Recall@10: 0.0681 | Val NDCG@10: 0.0361
2026-04-23 11:10:19,853 - INFO -   🌟 Saved new best model with Val NDCG@10: 0.0361
2026-04-23 11:10:24,084 - INFO - Epoch 07/100 | Train Loss: 7.2144 | Val Recall@5: 0.0449 | Val NDCG@5: 0.0299 | Val Recall@10: 0.0674 | Val NDCG@10: 0.0371
2026-04-23 11:10:24,125 - INFO -   🌟 Saved new best model with Val NDCG@10: 0.0371
2026-04-23 11:10:28,345 - INFO - Epoch 08/100 | Train Loss: 7.0707 | Val Recall@5: 0.0477 | Val NDCG@5: 0.0317 | Val Recall@10: 0.0711 | Val NDCG@10: 0.0393
2026-04-23 11:10:28,381 - INFO -   🌟 Saved new best model with Val NDCG@10: 0.0393
2026-04-23 11:10:32,632 - INFO - Epoch 09/100 | Train Loss: 6.9396 | Val Recall@5: 0.0477 | Val NDCG@5: 0.0319 | Val Recall@10: 0.0718 | Val NDCG@10: 0.0397
2026-04-23 11:10:32,657 - INFO -   🌟 Saved new best model with Val NDCG@10: 0.0397
2026-04-23 11:10:36,955 - INFO - Epoch 10/100 | Train Loss: 6.8174 | Val Recall@5: 0.0485 | Val NDCG@5: 0.0328 | Val Recall@10: 0.0723 | Val NDCG@10: 0.0405
2026-04-23 11:10:36,995 - INFO -   🌟 Saved new best model with Val NDCG@10: 0.0405
2026-04-23 11:10:41,276 - INFO - Epoch 11/100 | Train Loss: 6.7038 | Val Recall@5: 0.0470 | Val NDCG@5: 0.0322 | Val Recall@10: 0.0711 | Val NDCG@10: 0.0400
2026-04-23 11:10:45,273 - INFO - Epoch 12/100 | Train Loss: 6.5967 | Val Recall@5: 0.0497 | Val NDCG@5: 0.0341 | Val Recall@10: 0.0724 | Val NDCG@10: 0.0414
2026-04-23 11:10:45,315 - INFO -   🌟 Saved new best model with Val NDCG@10: 0.0414
2026-04-23 11:10:49,408 - INFO - Epoch 13/100 | Train Loss: 6.4991 | Val Recall@5: 0.0526 | Val NDCG@5: 0.0361 | Val Recall@10: 0.0754 | Val NDCG@10: 0.0435
2026-04-23 11:10:49,449 - INFO -   🌟 Saved new best model with Val NDCG@10: 0.0435
2026-04-23 11:10:53,849 - INFO - Epoch 14/100 | Train Loss: 6.4170 | Val Recall@5: 0.0517 | Val NDCG@5: 0.0358 | Val Recall@10: 0.0754 | Val NDCG@10: 0.0435
2026-04-23 11:10:58,041 - INFO - Epoch 15/100 | Train Loss: 6.3353 | Val Recall@5: 0.0509 | Val NDCG@5: 0.0348 | Val Recall@10: 0.0746 | Val NDCG@10: 0.0424
2026-04-23 11:11:02,382 - INFO - Epoch 16/100 | Train Loss: 6.2692 | Val Recall@5: 0.0525 | Val NDCG@5: 0.0367 | Val Recall@10: 0.0748 | Val NDCG@10: 0.0439
2026-04-23 11:11:02,425 - INFO -   🌟 Saved new best model with Val NDCG@10: 0.0439
2026-04-23 11:11:06,827 - INFO - Epoch 17/100 | Train Loss: 6.2052 | Val Recall@5: 0.0530 | Val NDCG@5: 0.0371 | Val Recall@10: 0.0751 | Val NDCG@10: 0.0442
2026-04-23 11:11:06,860 - INFO -   🌟 Saved new best model with Val NDCG@10: 0.0442
2026-04-23 11:11:11,066 - INFO - Epoch 18/100 | Train Loss: 6.1470 | Val Recall@5: 0.0528 | Val NDCG@5: 0.0364 | Val Recall@10: 0.0761 | Val NDCG@10: 0.0438
2026-04-23 11:11:15,281 - INFO - Epoch 19/100 | Train Loss: 6.0932 | Val Recall@5: 0.0533 | Val NDCG@5: 0.0373 | Val Recall@10: 0.0756 | Val NDCG@10: 0.0445
2026-04-23 11:11:15,322 - INFO -   🌟 Saved new best model with Val NDCG@10: 0.0445
2026-04-23 11:11:19,424 - INFO - Epoch 20/100 | Train Loss: 6.0388 | Val Recall@5: 0.0525 | Val NDCG@5: 0.0374 | Val Recall@10: 0.0728 | Val NDCG@10: 0.0439
2026-04-23 11:11:23,721 - INFO - Epoch 21/100 | Train Loss: 6.0024 | Val Recall@5: 0.0521 | Val NDCG@5: 0.0362 | Val Recall@10: 0.0746 | Val NDCG@10: 0.0434
2026-04-23 11:11:28,119 - INFO - Epoch 22/100 | Train Loss: 5.9598 | Val Recall@5: 0.0516 | Val NDCG@5: 0.0357 | Val Recall@10: 0.0734 | Val NDCG@10: 0.0427
2026-04-23 11:11:32,435 - INFO - Epoch 23/100 | Train Loss: 5.9220 | Val Recall@5: 0.0521 | Val NDCG@5: 0.0367 | Val Recall@10: 0.0722 | Val NDCG@10: 0.0432
2026-04-23 11:11:36,760 - INFO - Epoch 24/100 | Train Loss: 5.8895 | Val Recall@5: 0.0517 | Val NDCG@5: 0.0364 | Val Recall@10: 0.0725 | Val NDCG@10: 0.0431
2026-04-23 11:11:41,244 - INFO - Epoch 25/100 | Train Loss: 5.8471 | Val Recall@5: 0.0523 | Val NDCG@5: 0.0373 | Val Recall@10: 0.0727 | Val NDCG@10: 0.0438
2026-04-23 11:11:45,747 - INFO - Epoch 26/100 | Train Loss: 5.8206 | Val Recall@5: 0.0506 | Val NDCG@5: 0.0361 | Val Recall@10: 0.0718 | Val NDCG@10: 0.0429
2026-04-23 11:11:49,859 - INFO - Epoch 27/100 | Train Loss: 5.7989 | Val Recall@5: 0.0499 | Val NDCG@5: 0.0359 | Val Recall@10: 0.0710 | Val NDCG@10: 0.0426
2026-04-23 11:11:53,812 - INFO - Epoch 28/100 | Train Loss: 5.7683 | Val Recall@5: 0.0516 | Val NDCG@5: 0.0359 | Val Recall@10: 0.0722 | Val NDCG@10: 0.0425
2026-04-23 11:11:58,062 - INFO - Epoch 29/100 | Train Loss: 5.7448 | Val Recall@5: 0.0512 | Val NDCG@5: 0.0362 | Val Recall@10: 0.0715 | Val NDCG@10: 0.0428
2026-04-23 11:12:02,209 - INFO - Epoch 30/100 | Train Loss: 5.7219 | Val Recall@5: 0.0491 | Val NDCG@5: 0.0352 | Val Recall@10: 0.0715 | Val NDCG@10: 0.0424
2026-04-23 11:12:06,491 - INFO - Epoch 31/100 | Train Loss: 5.7017 | Val Recall@5: 0.0512 | Val NDCG@5: 0.0365 | Val Recall@10: 0.0726 | Val NDCG@10: 0.0435
2026-04-23 11:12:10,737 - INFO - Epoch 32/100 | Train Loss: 5.6797 | Val Recall@5: 0.0505 | Val NDCG@5: 0.0356 | Val Recall@10: 0.0719 | Val NDCG@10: 0.0424
2026-04-23 11:12:14,941 - INFO - Epoch 33/100 | Train Loss: 5.6612 | Val Recall@5: 0.0516 | Val NDCG@5: 0.0365 | Val Recall@10: 0.0727 | Val NDCG@10: 0.0433
2026-04-23 11:12:19,313 - INFO - Epoch 34/100 | Train Loss: 5.6454 | Val Recall@5: 0.0499 | Val NDCG@5: 0.0357 | Val Recall@10: 0.0694 | Val NDCG@10: 0.0420
2026-04-23 11:12:23,551 - INFO - Epoch 35/100 | Train Loss: 5.6319 | Val Recall@5: 0.0514 | Val NDCG@5: 0.0369 | Val Recall@10: 0.0734 | Val NDCG@10: 0.0440
2026-04-23 11:12:28,194 - INFO - Epoch 36/100 | Train Loss: 5.6073 | Val Recall@5: 0.0499 | Val NDCG@5: 0.0357 | Val Recall@10: 0.0720 | Val NDCG@10: 0.0429
2026-04-23 11:12:32,624 - INFO - Epoch 37/100 | Train Loss: 5.5950 | Val Recall@5: 0.0505 | Val NDCG@5: 0.0357 | Val Recall@10: 0.0702 | Val NDCG@10: 0.0421
2026-04-23 11:16:53,172 - INFO - Training arguments: Namespace(dataset='beauty', root='../genrec/dataset/amazon', use_sampled_softmax=False, embed_dim=64, num_heads=2, num_blocks=2, dropout=0.2, max_seq_len=50, num_position_buckets=32, num_time_buckets=64, max_position_distance=128, use_temporal_bias=False, batch_size=128, epochs=100, lr=0.005, weight_decay=0.0, patience=50, device='cuda', checkpoint_dir='./checkpoints', eval_k=10)
2026-04-23 11:16:53,172 - INFO - Loading datasets...
2026-04-23 11:17:41,237 - INFO - Training arguments: Namespace(dataset='beauty', root='../genrec/dataset/amazon', use_sampled_softmax=False, embed_dim=64, num_heads=2, num_blocks=2, dropout=0.2, max_seq_len=50, num_position_buckets=32, num_time_buckets=64, max_position_distance=128, use_temporal_bias=False, batch_size=128, epochs=100, lr=0.005, weight_decay=0.0, patience=50, device='cuda', checkpoint_dir='./checkpoints', eval_k=10)
2026-04-23 11:17:41,237 - INFO - Loading datasets...
